sample_index,label,anomaly_score
1598,0,0.04783292887407058
3545,0,0.058102066851443875
903,0,0.14058329087200705
3609,0,0.0798987499405711
701,0,0.16550385253874622
399,0,0.3158681621867197
2331,0,0.5737631065241137
2964,0,0.4015123087850347
3268,0,0.03370649588786289
658,0,0.13066415650013027
1787,0,0.1043964446398164
869,0,0.11059827805344521
1104,0,0.35696143350088805
220,0,0.18561146974994128
1926,0,0.22582559299311147
1069,0,0.25254128337869164
906,0,0.27406112209895916
93,0,0.12395908211972775
415,0,0.07777444207283521
331,0,0.10424624605198397
2358,0,0.29757500783849494
1561,0,0.27799309598672456
2809,0,0.05833024807933773
2722,0,0.1598460970860246
3726,0,0.1148270152809673
1430,0,0.2926426658928945
420,0,0.0458131465307609
3221,0,0.18802988633625672
627,0,0.1324910023177553
2167,0,0.30470391198339064
876,0,0.11305016832879658
1383,0,0.1642306616694286
675,0,0.2207135001435333
1133,0,0.2015767020025943
2843,0,0.013988935342124227
2928,0,0.051173979023420524
3393,0,0.035020918606539775
3622,0,0.18075085324057708
1274,0,0.03366474994943935
3387,0,0.09178765831351429
1014,0,0.06476274797222724
1423,0,0.1583046147266137
2353,0,0.00965845838512977
2211,0,0.0888585936227176
2087,0,0.09063099128006627
306,0,0.2743887700234998
2284,0,0.2359653700381796
631,0,0.24468590708606505
597,0,0.06550497911482024
1303,0,0.18370577533782523
341,0,0.150245416841485
1012,0,0.20823046128929348
3379,0,0.08486881224037841
2314,0,0.15284445961559287
1352,0,0.07697845793762302
3410,0,0.3944826839766653
712,0,0.16923084398260999
165,0,0.10623981024510304
1494,0,0.05643145301868134
2779,0,0.025586203571457168
1899,0,0.06260894765041225
2776,0,0.15648925344193695
1347,0,0.2958126047944468
1842,0,0.14351436328280676
2701,0,0.3134616997938097
3291,0,0.014510648600508307
2547,0,0.4608399687335985
3503,0,0.1679481534537265
1819,0,0.1476774079731368
1722,0,0.24144553683463324
2162,0,0.12243455889126986
843,0,0.39335429783746323
963,0,0.280362528959452
1047,0,0.23038613344841122
1206,0,0.1788276427846715
2663,0,0.13314186290071575
313,0,0.07368261229131869
131,0,0.059513763890388566
1060,0,0.030191061051946935
934,0,0.34534007228744
1830,0,0.06975912782586557
1824,0,0.23444803710880935
202,0,0.21933695770730519
660,0,0.03554313386577582
950,0,0.18288397248085117
867,0,0.21515773903455582
412,0,0.03688579740664049
545,0,0.011189298085404375
251,0,0.04600309993838729
2633,0,0.19964976274103627
3070,0,0.23723503418142866
635,0,0.1611688441230915
302,0,0.055527380725620024
361,0,0.12231934435585047
751,0,0.17484844498522858
3551,0,0.22725730387969248
3197,0,0.1007403134035069
1952,0,0.12070960235164632
2321,0,0.07292729289570017
3104,0,0.36776452034542967
1783,0,0.2658862518046392
1497,0,0.11278623868074797
1225,0,0.12090103938483977
501,0,0.27875901290558597
284,0,0.08952604374279373
2598,0,0.02247944510094768
2452,0,0.20983233977874569
761,0,0.1570285817069605
1366,0,0.03707767998560655
1306,0,0.11164479804310318
2405,0,0.05020979353654638
702,0,0.01800412834045908
1039,0,0.05552769919164021
3586,0,0.11789172747062408
1373,0,0.11912679140745301
2926,0,0.16442457625340684
1925,0,0.06507356267002944
3326,0,0.10343847027243487
2277,0,0.19983261073836334
3531,0,0.10874748039257284
190,0,0.16259953205282807
3460,0,0.11962600356979844
889,0,0.02137021743765343
453,0,0.022680019244014176
3166,0,0.3242244980960151
3585,0,0.1713422221810811
1000,0,0.14056091285932767
3500,0,0.1655579846767085
1470,0,0.23224507184270796
233,0,0.07071114974976157
1849,0,0.045057908440524354
636,0,0.24939685607217119
3411,0,0.14176176492681444
612,0,0.0620408205826958
194,0,0.15120144034987895
1221,0,0.07466225731313893
1587,0,0.06115936947762923
2903,0,0.032934801492744276
489,0,0.06652514556379702
2443,0,0.2278495441311397
2879,0,0.13818199962607933
382,0,0.049606376471501776
681,0,0.019295487880896193
2199,0,0.09230826044827899
1785,0,0.09281602192533205
3107,0,0.049736886172360176
3292,0,0.0412526777010669
3742,0,0.061083441712893774
2847,0,0.1554694531279434
493,0,0.03199208705583915
1169,0,0.11996783303101989
1537,0,0.10944973070735535
3073,0,0.2200226274159329
3450,0,0.17435263529349349
2712,0,0.1209820706680417
2469,0,0.033426808852958234
1200,0,0.03727593464094157
1267,0,0.13054094628873136
1489,0,0.06835828389005616
2041,0,0.2656713662348437
690,0,0.4308530755423576
1124,0,0.02159069558640522
543,0,0.2509859437089892
1294,0,0.01706967720327518
1439,0,0.21940209442057207
3730,0,0.09209304274995668
2966,0,0.08844020563072183
496,0,0.12487999457658541
317,0,0.12070085710346573
3375,0,0.04050361603441767
2285,0,0.14554022992758495
2988,0,0.026264157896694836
2518,0,0.05641445465984199
2089,0,0.04880243883690658
972,0,0.03565761686070238
1020,0,0.13395434240723122
2846,0,0.18468847275955183
2883,0,0.245225450719934
714,0,0.17836880754741566
1807,0,0.14308087296657218
3106,0,0.030355338479971752
3370,0,0.1125412692544393
2123,0,0.1052086858768961
2782,0,0.024330553337141805
3738,0,0.04509402849916432
2726,0,0.11552555230532462
2368,0,0.3267866559815051
2037,0,0.1458785881157696
1088,0,0.14585643239131624
2999,0,0.056631810287788985
3765,0,0.04750032138788288
3045,0,0.015232353040050498
1301,0,0.0259399616805458
1930,0,0.3391258599349852
1077,0,0.348038059355232
3191,0,0.2948102854759161
726,0,0.07425247998316942
844,0,0.04022767286420558
1510,0,0.15984290656671515
1635,0,0.06294901278827857
1800,0,0.04495991513160408
1779,0,0.13567185486244412
2402,0,0.2799779977840629
206,0,0.20799680552695318
2132,0,0.10284375129262709
3514,0,0.12566531670191736
2318,0,0.12179273659286363
123,0,0.015616480309110241
3397,0,0.14345901931026295
1342,0,0.1356551191589728
2612,0,0.03198249603714143
3201,0,0.16811721283812964
2755,0,0.18082712961707936
1558,0,0.07469688011094805
2747,0,0.15090081344123943
3152,0,0.2990054811916491
958,0,0.10826927133954173
1257,0,0.24853597055723023
1756,0,0.15584378879202115
2010,0,0.07258505288577963
3578,0,0.022940138083536253
872,0,0.1845462200455426
1708,0,0.21144586936816803
2682,0,0.0620408205826958
725,0,0.11412959790768894
94,0,0.10789223918596223
3297,0,0.08299910250231496
3399,0,0.016486044183045903
2854,0,0.14155464526946482
1307,0,0.03297381040429084
3557,0,0.43137626045802496
277,0,0.02485974730968361
2845,0,0.12308760682307154
3301,0,0.6197768433657406
2097,0,0.19713414221493114
1794,0,0.03881015168738692
1288,0,0.032266658043904925
2268,0,0.23004973479388574
1168,0,0.18309133744802095
1072,0,0.11807010558094269
763,0,0.18229653719990327
2255,0,0.06880221183228084
212,0,0.23008341408359254
241,0,0.08699468237261324
1202,0,0.2659578942862326
2390,0,0.03947222553989422
1616,0,0.11225870884632348
1159,0,0.17485064313650395
985,0,0.07274640068043428
2122,0,0.047497062429925296
1803,0,0.108730246423087
1744,0,0.21518277657500817
3113,0,0.05860777618391278
2203,0,0.12354318592742912
126,0,0.04480062897630632
3170,0,0.23527045870660704
3475,0,0.16431569772663523
1062,0,0.0658355422127402
1167,0,0.1635834518995689
695,0,0.15807413567347475
2387,0,0.10006526212677194
2805,0,0.10976475238759227
3187,0,0.1589019338163032
1582,0,0.13396141798510805
2960,0,0.13060142562530608
3308,0,0.15950024176064087
1596,0,0.013242749207548999
3269,0,0.037045956953633205
632,0,0.033541265347347575
3074,0,0.08467036494491686
1387,0,0.11156630135139678
474,0,0.1204772667241753
2354,0,0.19504841244226118
430,0,0.18039926947414414
374,0,0.06122962389169768
3725,0,0.2729157186142935
2899,0,0.028214370999195253
1650,0,0.31490024867241345
71,0,0.46103698858887526
1567,0,0.1291488391104199
1492,0,0.09331144334453224
946,0,0.22941459149339394
1462,0,0.18601704434282015
1089,0,0.10562707036456663
2476,0,0.06897811494281501
719,0,0.005889977285828142
1985,0,0.03489691436300216
1806,0,0.03315154840928411
2020,0,0.04085472274322943
103,0,0.06927399833092927
937,0,0.14084642020339347
3403,0,0.11684603242011994
1291,0,0.09831926226382018
1320,0,0.16159573009170133
1549,0,0.11830279700903487
2290,0,0.025151928719286253
3037,0,0.24944009626767238
2430,0,0.1140229555785909
1019,0,0.1195837988737839
3600,0,0.012536527338398148
3115,0,0.1027011060612179
2392,0,0.01656489888774318
1053,0,0.0579730434613309
3571,0,0.17613825632981372
492,0,0.1744801205667711
3582,0,0.055861538495514104
3755,0,0.2028504996643525
2263,0,0.17450722621777945
169,0,0.15486823969145413
1002,0,0.1439564015607632
3464,0,0.12386041968538773
1704,0,0.016475302533842894
1927,0,0.033856853920503804
1775,0,0.05003707004109685
2499,0,0.16116508641071559
1382,0,0.08243624703423781
221,0,0.07693744698011133
2119,0,0.11504305758140582
2976,0,0.07044251588601609
1276,0,0.11547523897793148
3018,0,0.1449023147087011
46,0,0.03697122073109025
2045,0,0.11943232787628538
2091,0,0.04791798118556209
1514,0,0.2433786335344547
441,0,0.04278411175326116
3481,0,0.2034348617324049
1264,0,0.0962645576941547
739,0,0.08229179765537592
3364,0,0.0625524403154657
588,0,0.12111363799780349
1254,0,0.0431596197350168
3036,0,0.04837028033787845
1018,0,0.31094276683927796
840,0,0.10867766171082421
78,0,0.05274534038327085
7,0,0.09136702550470197
1385,0,0.036089654267746255
1330,0,0.04280046091297025
1707,0,0.21371280693044717
3570,0,0.5392556705835921
2630,0,0.33194403954602514
1049,0,0.07629172462710947
468,0,0.07157290699276965
989,0,0.43067356416471186
418,0,0.12970368484146033
1218,0,0.08877837073110055
2428,0,0.09024970215978784
3299,0,0.04433479108144098
2730,0,0.2875192854047396
1670,0,0.13216405803470593
1646,0,0.10248477093881334
198,0,0.23713399947807112
1458,0,0.09940520433802723
2012,0,0.2170497347219184
104,0,0.09325949541417856
3363,0,0.19588116569709133
657,0,0.1170390923533623
2471,0,0.052685015746840966
465,0,0.18465152146883937
1852,0,0.06575888633034499
2473,0,0.11976625858004686
2299,0,0.21376966570679312
1472,0,0.18033119239291373
1525,0,0.3275074171263262
1967,0,0.2287783037113099
2709,0,0.11596131650753526
1308,0,0.11992082297592795
3471,0,0.20340640798460985
2932,0,0.06438828394470109
1127,0,0.275199395640557
3203,0,0.10044428035116043
3428,0,0.06336658436339215
810,0,0.1279598911904119
1408,0,0.18395884119769948
3612,0,0.2966820713953261
684,0,0.0636678917932485
1220,0,0.10049227391699847
2018,0,0.285346704694278
3207,0,0.24188739231388695
2637,0,0.037701609161012596
2890,0,0.1237690644909795
973,0,0.027988142230894106
651,0,0.1781185003153004
379,0,0.19957664597596533
1841,0,0.09023716022724576
3227,0,0.12036710828976871
2660,0,0.09836011390576455
3630,0,0.18055366050386604
3770,0,0.05297993706972215
2914,0,0.13751846181828015
2328,0,0.33952664214004463
652,0,0.15723739112619506
2769,0,0.06519510702025881
1164,0,0.14693628874045106
2243,0,0.1598539538369145
3293,0,0.022286451348207097
2575,0,0.04331632924278608
966,0,0.049323321751305944
3634,0,0.14255866229584627
2608,0,0.021089071656045767
2182,0,0.1748131357292707
624,0,0.2016327521619619
480,0,0.01723920233931084
3495,0,0.2142921153780058
2685,0,0.18526840546684756
1279,0,0.03744179397488989
2472,0,0.08889203124713994
395,0,0.22794644259067695
1876,0,0.0768901455049344
916,0,0.15513242203693056
2969,0,0.22978171666476943
2860,0,0.5305605748268758
3111,0,0.03752985657432568
2553,0,0.08404471108278389
3224,0,0.1509597395970784
2287,0,0.12351394396458823
3538,0,0.25942076004147424
215,0,0.21236274720461668
2734,0,0.04158704337539703
2784,0,0.16394152282455135
1273,0,0.18574389676538433
515,0,0.31668477494472935
700,0,0.030835590282364975
3601,0,0.037453712260988085
2548,0,0.4528646366789132
1372,0,0.09254526472279792
2725,0,0.21642798184194817
3540,0,0.06957025464836564
1576,0,0.23904207253769774
664,0,0.06505433299617829
2924,0,0.03013107920753199
2582,0,0.24320990225716949
3302,0,0.34688918395416557
2344,0,0.19902629421980156
2474,0,0.12863679045999526
1725,0,0.3080820500377021
1460,0,0.13354387537804907
1975,0,0.028340789195360823
2922,0,0.0796596755797846
1263,0,0.11920215236006265
1371,0,0.10290217392239046
57,0,0.0625075208858336
567,0,0.24700618008095915
2439,0,0.0789352574708924
913,0,0.031183996883905874
249,0,0.17653934559178266
1902,0,0.3231530523150141
3348,0,0.042567469611086976
613,0,0.050082563275396924
764,0,0.14417142593358404
170,0,0.11932972788959739
908,0,0.16498209365686378
2416,0,0.045756699163177546
813,0,0.13941866456125143
2505,0,0.4957777837204691
2336,0,0.10347479248274323
1995,0,0.4271754521992937
962,0,0.2755586313187515
1394,0,0.15756149560701724
5,0,0.17779652584922587
2076,0,0.2092329431192852
3391,0,0.1564064187911123
2394,0,0.7248854272832825
902,0,0.13296598942101262
1943,0,0.08165789607655467
3549,0,0.32044817960690497
976,0,0.2070373466033825
1854,0,0.10734688716507655
1238,0,0.06469225964105584
3357,0,0.09236972130946436
2343,0,0.10052768145703321
1391,0,0.2594618764810202
516,0,0.2703798309527931
2804,0,0.1483531413804025
1948,0,0.08452465272359036
2758,0,0.033274434153193415
95,0,0.09359558147130709
3175,0,0.09733267798291083
2834,0,0.11480089238367108
2216,0,0.14457266958684628
2330,0,0.07756194616157738
2905,0,0.19174172397884764
2371,0,0.4357985690963353
3342,0,0.2203535771647626
2919,0,0.601197603141157
1498,0,0.12684460602367453
3525,0,0.09511881254861604
3124,0,0.3561271745629371
1898,0,0.062264757341292505
1933,0,0.16424828427379526
3469,0,0.03715198761138437
15,0,0.12859523892943522
1051,0,0.11161383443755518
111,0,0.057164917485709385
1084,0,0.12642776548479087
1906,0,0.14165205974245987
801,0,0.2705963311145621
3040,0,0.1959235531292148
3572,0,0.07586182950963102
1192,0,0.14441242798009513
780,0,0.05412779597932682
716,0,0.08975189579023758
1546,0,0.22009745152035637
2595,0,0.1181407949621824
2250,0,0.2209658428826324
879,0,0.15916036508101836
359,0,0.06085899090958993
617,0,0.03949600564063807
432,0,0.12429705383834362
2757,0,0.14020158260731638
570,0,0.36917106848493764
2987,0,0.0034342804771262847
3053,0,0.10382175264630174
3649,0,0.14793622565570305
2325,0,0.22755021955891644
1575,0,0.04915143623054825
1332,0,0.10232460033055715
332,0,0.20193507694997007
1673,0,0.2073103690108177
2986,0,0.01723920233931084
616,0,0.16688676039376854
34,0,0.049014333581082384
1947,0,0.17411975852042655
2121,0,0.12817348696164785
2435,0,0.07343842550791477
3295,0,0.028988452784491966
1963,0,0.17714961552694047
160,0,0.1801517626253276
242,0,0.034365225301247054
1910,0,0.05671936167985962
2021,0,0.05155325099688025
26,0,0.1871266348275367
1934,0,0.25290738123416984
1732,0,0.06714286706669813
1663,0,0.01682446437335892
1592,0,0.3265717685929406
3023,0,0.1989410634262311
49,0,0.12597318792705844
3148,0,0.09080491791928151
3194,0,0.07143806718972519
2463,0,0.017949909635735183
2187,0,0.08591804222181083
1309,0,0.16505104431988893
1161,0,0.05734786547060355
2304,0,0.04964212683023679
3366,0,0.15503924507975267
1118,0,0.3151369623063848
3255,0,0.09090375823798302
2586,0,0.08503120061521124
1004,0,0.1874732408803581
2852,0,0.3115018330915858
2002,0,0.16754562012716237
20,0,0.060689499456241025
3013,0,0.014912531584683662
1105,0,0.16462257066599395
832,0,0.1941696831451566
750,0,0.13499121117775395
576,0,0.028595040997023813
646,0,0.1421110290809661
3491,0,0.19030479036055745
2191,0,0.161314626088278
347,0,0.17540303089101808
3593,0,0.17916080997405567
1586,0,0.18661203124756254
2173,0,0.026879032356831877
641,0,0.1835660965786616
1917,0,0.028557120443938606
3196,0,0.056538983148039144
417,0,0.1776555993728264
2011,0,0.14724478673367072
2577,0,0.06595517743336055
75,0,0.10153330504969119
2176,0,0.1447514380665296
527,0,0.02999800518805902
1871,0,0.1597882500032148
1959,0,0.09152587069132306
2829,0,0.017452332405150556
2711,0,0.27726662869837765
195,0,0.032648739677262846
1162,0,0.0378165605534622
3717,0,0.2896906863908557
184,0,0.08917831242344917
1001,0,0.15915904578760462
2591,0,0.09244065473434863
2455,0,0.12013668774903191
1686,0,0.14824716768418283
731,0,0.07128863888442012
846,0,0.13386877887630325
276,0,0.061641311625312604
99,0,0.09501603573501441
3144,0,0.2908191453642985
180,0,0.03008285860190487
1025,0,0.037042624192961594
1176,0,0.03924604378166238
904,0,0.06473279070884125
687,0,0.03848603633123113
848,0,0.15927484619237176
141,0,0.15862373281564654
1116,0,0.2274336769224013
1672,0,0.054292418681153726
605,0,0.22342788495860452
3741,0,0.11042837327383925
109,0,0.12462060989761373
3505,0,0.17848533016886706
3757,0,0.09183583309023116
706,0,0.09393152158776141
1821,0,0.3465877377979536
3034,0,0.2991179689496899
3117,0,0.10278010449586712
3575,0,0.3095828896712316
2497,0,0.028595040997023813
2992,0,0.1119933969671907
1908,0,0.11128338507572169
1471,0,0.05425372854172756
3577,0,0.12837333767376694
579,0,0.10865723583646657
2042,0,0.14229717151642174
710,0,0.05649057547802275
3024,0,0.27232811027231013
2971,0,0.11404447150162159
2044,0,0.14072457764556273
1815,0,0.11284893323958026
1626,0,0.18447857960757488
983,0,0.20677499341921488
3262,0,0.00708356909659281
201,0,0.057280658081433955
1681,0,0.09478318280565483
17,0,0.07386315616109372
540,0,0.04227437194175665
935,0,0.3453567336944911
2296,0,0.043032912279777506
1404,0,0.07540597773866095
1174,0,0.0419245876006993
2223,0,0.09949721949915745
1024,0,0.18657838941196989
477,0,0.0665918637798608
3307,0,0.19522193329005932
2360,0,0.04314231186896457
2377,0,0.15791054514390185
1651,0,0.10039354373793456
2858,0,0.09303398808527243
830,0,0.034130623605810276
168,0,0.16846624722164646
790,0,0.03806467968190535
2214,0,0.06223739188677985
161,0,0.3205723061255016
371,0,0.028535964058165324
2889,0,0.17171442908316056
3451,0,0.04921085579502888
748,0,0.10717221501785813
3215,0,0.02592362249473212
1113,0,0.24137097142209535
1211,0,0.11918069439001738
1679,0,0.15886021532627048
3416,0,0.03309019253766916
1091,0,0.1324794759073443
80,0,0.05894002868196431
2272,0,0.11446844683690531
3744,0,0.037676722845567306
2346,0,0.07106664103269278
3680,0,0.16651251682683452
39,0,0.7468162777909184
3039,0,0.08975883622122167
460,0,0.14268981298369773
3737,0,0.03239584563763891
2856,0,0.11489801406935699
2269,0,0.3536356839043393
3200,0,0.15570304370741966
1690,0,0.07400082910086059
3114,0,0.09374851559277318
3361,0,0.04917916391293657
1247,0,0.1535323038066947
3169,0,0.024904650835419883
1990,0,0.050958125554683126
3336,0,0.11718361720487078
2361,0,0.014687851323179088
733,0,0.0957979751108576
3088,0,0.020760784075468632
1253,0,0.02296445249422762
2057,0,0.1564274444310576
1569,0,0.24753069115864548
2186,0,0.049380784145427695
2552,0,0.030257069225459256
164,0,0.031183996883905874
812,0,0.1501312297055668
3256,0,0.10421584126532325
66,0,0.13279942811860482
2738,0,0.2624400097685651
405,0,0.13353563252360595
554,0,0.18110921676431302
2043,0,0.153816075498353
2977,0,0.022720711838055026
564,0,0.17474290283017213
3266,0,0.25757943128319255
3448,0,0.16705933504741843
1395,0,0.08757492045555111
1516,0,0.2594573372768653
2748,0,0.17178428624187064
1997,0,0.13364872689064392
1201,0,0.11794274938926622
877,0,0.16866074348940158
925,0,0.048864051919442764
42,0,0.26969371304401063
102,0,0.27502975486667075
192,0,0.1351673739403921
1805,0,0.12361167687214
2668,0,0.12223176053404598
680,0,0.1452897678465642
723,0,0.05872089568725875
3631,0,0.18024010279096647
2077,0,0.10848802421524575
281,0,0.09027059797903934
3358,0,0.14779184681036892
428,0,0.20984060318930622
327,0,0.25623798592570274
3312,0,0.05816300980279969
2313,0,0.05263717639442006
3254,0,0.3592596284311199
2391,0,0.0620408205826958
661,0,0.023249255028671874
228,0,0.035827005967165544
611,0,0.0620408205826958
2959,0,0.05162509342591274
1739,0,0.30298217764778224
438,0,0.12238724919850108
1299,0,0.16283233329221813
3273,0,0.3192346647689689
3382,0,0.05381099271475336
8,0,0.15430410774188846
275,0,0.25829261051466446
1305,0,0.02369710410288345
3734,0,0.386786067080028
2694,0,0.09401902601279895
2403,0,0.03388366182014043
3573,0,0.049753459432686595
1482,0,0.02541091004010282
335,0,0.0052298836053766805
3392,0,0.07122730022682668
735,0,0.21904361273097364
348,0,0.2995208781578821
2817,0,0.043436649941708295
1541,0,0.06410121831316595
1424,0,0.07944653527887917
1453,0,0.1424162765374872
1955,0,0.1648236956159308
3027,0,0.06631449719070664
2807,0,0.28789212202888426
1156,0,0.03791537105938536
2985,0,0.023249255028671874
2441,0,0.16659759119176343
24,0,0.055624776842471205
621,0,0.1398110909696457
491,0,0.08120105494881566
2124,0,0.032375209055032286
490,0,0.15743785851819053
307,0,0.0857371246475714
1715,0,0.17172663486614353
2695,0,0.26387907895102464
3402,0,0.13237440323369765
1112,0,0.6431406554192066
914,0,0.3587475030888025
3470,0,0.11268265277477507
381,0,0.1922355347441987
2261,0,0.20067305209709224
3395,0,0.060337045230032
871,0,0.08182272238811492
1577,0,0.3091171668284669
629,0,0.1407988093488604
2433,0,0.26094849101823336
3707,0,0.037589737472835894
747,0,0.10220382114363583
3082,0,0.2496016490015293
148,0,0.05986697833561828
1357,0,0.1837257071466578
2194,0,0.09336717629339972
947,0,0.0409439957986398
467,0,0.0973460956181093
2362,0,0.2193790743924002
3019,0,0.07849993257380808
1890,0,0.0947740672640614
3523,0,0.05524131065048221
2876,0,0.24319344000000773
383,0,0.014574433784920337
2651,0,0.11078814532070237
2213,0,0.2975050807574266
827,0,0.2314398891015065
2762,0,0.10343847027243487
755,0,0.2372860374965847
2764,0,0.1589365235137237
857,0,0.12087424174357572
3669,0,0.3341599931952022
389,0,0.15910146328739452
907,0,0.17112658694709657
1165,0,0.2197164011119092
132,0,0.17909959795970667
310,0,0.17387958943080392
1005,0,0.11024304281288781
2756,0,0.058100104193588874
1415,0,0.3294659218987098
1094,0,0.10343847027243487
770,0,0.05331461664485216
2720,0,0.08954499516309451
2615,0,0.15576986968461143
1429,0,0.05369558676298716
1365,0,0.31073724957394105
1448,0,0.019678014679329697
3759,0,0.24499313816230264
2168,0,0.06801046010306032
822,0,0.30219234675367035
1884,0,0.08625692070557614
2549,0,0.04953543494713874
1150,0,0.039469524002694635
1782,0,0.2354481633169742
1827,0,0.05777402221119195
1277,0,0.12132724724264797
1146,0,0.07967452161369544
566,0,0.025730495305019616
2448,0,0.03398575796596578
1055,0,0.06685327893355494
1789,0,0.17225666819787627
2195,0,0.11486793764108452
1278,0,0.0910817977348699
2083,0,0.27730689404347064
2413,0,0.3908478774059002
1130,0,0.32854528806191835
2386,0,0.1596139446609625
1894,0,0.037837662949479656
2266,0,0.084246469604591
149,0,0.25540053221179854
2292,0,0.3932174167685019
1560,0,0.14395510951025492
329,0,0.029560307338535173
3650,0,0.1823938331038022
1095,0,0.2528057216346786
1076,0,0.17430127550780453
1226,0,0.06821750549353073
495,0,0.09858934026119683
2794,0,0.17519739433224304
1260,0,0.0672790990253293
709,0,0.02735905706673942
2544,0,0.07840653789273659
3714,0,0.06746982837858026
2079,0,0.06536510323680063
108,0,0.03745848660576907
2507,0,0.1560792422375686
1945,0,0.2708613208990074
360,0,0.08344727645557667
3433,0,0.2568096815440782
3660,0,0.12029737128083129
380,0,0.014700577317376534
3446,0,0.128596356391006
557,0,0.06253753661436653
2157,0,0.07558139083373203
3214,0,0.11403805561674556
1082,0,0.14118803468362584
1553,0,0.08721523276949165
1390,0,0.06727432806925426
3119,0,0.13330770875630601
762,0,0.37583098010678745
744,0,0.1578752207828956
1737,0,0.02943384545501327
1120,0,0.13751846181828015
1602,0,0.048528072035603595
1692,0,0.11039085439369897
1272,0,0.26361272990532
1441,0,0.11040804685761041
1540,0,0.1381921875116011
2326,0,0.18843281482721108
1999,0,0.17759862012109173
398,0,0.13686638007000282
2983,0,0.16240718083382652
3400,0,0.21341750637427656
2501,0,0.09543186243673077
3362,0,0.03952271625256832
3657,0,0.028036776143016588
851,0,0.016497105460642893
217,0,0.10295721135057948
2385,0,0.09170489224772739
692,0,0.37877405266835823
2753,0,0.222714376300042
226,0,0.03812484867091732
2649,0,0.14028621218642037
922,0,0.0661937150937866
2911,0,0.06597148866270235
2673,0,0.09226150089355878
2039,0,0.35019678419138545
397,0,0.18727471594196599
676,0,0.6397232508463152
3232,0,0.20637686060847202
990,0,0.0902123111397948
3442,0,0.31003675454332086
2422,0,0.16565145009656793
436,0,0.11206638705291033
772,0,0.23419410103250116
1505,0,0.10318877787220271
2454,0,0.07233194485802986
2425,0,0.10075627540826582
765,0,0.3720621871203468
3508,0,0.09787489977610035
2373,0,0.01838420716414958
1881,0,0.9027159465821506
342,0,0.08197732275282826
1669,0,0.131168438258061
1191,0,0.019522611348403048
1463,0,0.2223278985393459
3542,0,0.1651578539964849
3047,0,0.14222234054651725
2242,0,0.09572783160943148
3127,0,0.2660741195345579
65,0,0.1118195762608761
1128,0,0.10482783380540846
330,0,0.047667096386878625
3414,0,0.030191061051946935
2917,0,0.06000442259089093
3617,0,0.1539358716436497
581,0,0.17858068471425492
887,0,0.5496818367582249
1848,0,0.04105522249112528
3064,0,0.019979923974990176
1186,0,0.07970632701093676
322,0,0.07592539572029633
3210,0,0.09505190446120243
2038,0,0.1263317731339267
789,0,0.030191061051946935
2477,0,0.031183996883905874
1131,0,0.00965845838512977
1591,0,0.157245940946155
3733,0,0.2829821940227558
3089,0,0.12603214801759147
2677,0,0.06448935548859903
1138,0,0.1048624315017132
96,0,0.055198351024227585
513,0,0.1637746689153807
1081,0,0.12600742702515996
3656,0,0.1463964225578302
2271,0,0.4766927189076368
552,0,0.17860066265894492
1068,0,0.049679867817245545
1003,0,0.20271564076358045
1776,0,0.061898981598970115
1730,0,0.3615837497952143
1747,0,0.25582232455256654
2215,0,0.08741704436571664
1631,0,0.03213592044810559
1280,0,0.13947074530803535
3346,0,0.09869027453626696
458,0,0.17253638363339466
470,0,0.1358197205700669
499,0,0.07135739386985833
1978,0,0.07685957153024084
124,0,0.20283890722011821
2224,0,0.1542228711306173
3596,0,0.13760502645668937
2352,0,0.018467696290212013
1171,0,0.45765619750268627
2897,0,0.12502748447224096
2751,0,0.045398045231428416
3142,0,0.04939026215047782
3305,0,0.29320034195963446
2828,0,0.16426192503458756
1746,0,0.8864426441842161
2989,0,0.04209597348609271
3208,0,0.09117033967964368
401,0,0.207771658143463
1021,0,0.3074736590209712
3204,0,0.07239998576607047
278,0,0.08114861232474173
187,0,0.1192329775841913
1545,0,0.14774199938464677
1519,0,0.12059861359152395
2729,0,0.27167795445777243
1153,0,0.16087176414475374
2806,0,0.238214174087103
2981,0,0.08834710212250474
1183,0,0.1262476559976614
960,0,0.17001003313605717
814,0,0.2126653627724959
505,0,0.1777758814870767
697,0,0.11612157590151176
3043,0,0.13730876639199724
3079,0,0.2965438344920982
1375,0,0.17832205577326987
1745,0,0.17490040082424596
2982,0,0.04918383300867267
2670,0,0.18688580329350193
1817,0,0.1505500237043065
462,0,0.07028018445353852
2509,0,0.08343492000993004
2426,0,0.1687531660003407
640,0,0.23326699412251686
2783,0,0.09814927995583601
3516,0,0.29948294543046655
791,0,0.03805186108370231
2724,0,0.1671465873543419
3140,0,0.026556168638725338
981,0,0.14416848793041134
1451,0,0.04429183288813128
3072,0,0.09567648178591633
2147,0,0.040135845179396556
2180,0,0.06313008748337078
2082,0,0.13691100880264967
1217,0,0.09235874562281082
753,0,0.08448800306891835
917,0,0.12624673257250052
2579,0,0.051025040415818665
1972,0,0.08552331786942617
203,0,0.21889986423359345
3767,0,0.026433147242755892
3060,0,0.06341320765988696
3559,0,0.03581573553689637
928,0,0.06080521729054553
603,0,0.1546095356421186
145,0,0.3392900991127388
339,0,0.04905572194169121
897,0,0.09178361106193801
3602,0,0.04695046823590094
2892,0,0.0875000410554788
759,0,0.04989502882428076
3359,0,0.09036416787460852
1868,0,0.11431218722260642
1065,0,0.10031292717579265
1353,0,0.09380992519303587
1991,0,0.045285295931427945
2486,0,0.24351099383199445
1431,0,0.6058315056435614
298,0,0.05333859492005393
2831,0,0.24779430585962978
997,0,0.10820646833641977
1597,0,0.028193950821479727
1410,0,0.12120893145744048
2465,0,0.07824114471116843
128,0,0.1631366156683074
2453,0,0.0576706747475489
2900,0,0.040894532323358435
2289,0,0.03813775663915778
741,0,0.1126145038628107
3335,0,0.127925101279511
1281,0,0.4680712775563963
1638,0,0.1864912058813081
1801,0,0.2522777483598533
1965,0,0.09250489438086536
223,0,0.14441242798009513
2031,0,0.14780730695174976
525,0,0.06163578262769436
643,0,0.06565083675050407
821,0,0.14619238612255955
2188,0,0.3895280838019838
3031,0,0.10530691782697804
3384,0,0.3521869998220286
2617,0,0.021713443209855583
1743,0,0.025367850129916197
1960,0,0.2149366883831416
1348,0,0.13062173342066222
2137,0,0.208674986109773
896,0,0.04444524299064984
1317,0,0.17512948041285106
3071,0,0.2428823971304386
3452,0,0.07744944034017566
2399,0,0.11331571552105173
414,0,0.10607415348556615
1860,0,0.14394638625871226
2141,0,0.03849427275614928
2938,0,0.15868020205509653
1215,0,0.024329874847949625
1240,0,0.07909551660555779
734,0,0.022243523894257135
2341,0,0.09694756129084917
1428,0,0.10920228827883305
2622,0,0.028595040997023813
1832,0,0.059285994046020064
3444,0,0.16572356090119278
1476,0,0.13300812276596954
556,0,0.22875033220666394
1134,0,0.04822698953790854
847,0,0.033153954423101754
3636,0,0.035356565407248054
411,0,0.07451349575357738
3466,0,0.13362133463736015
856,0,0.18110807574764048
2746,0,0.016961333899221397
608,0,0.3572758696210469
1114,0,0.1703241093539758
1384,0,0.20867506535998237
3396,0,0.09906623592589409
2265,0,0.07797738437904815
60,0,0.05099019115379107
328,0,0.06878461267016735
2337,0,0.08603580012795466
1542,0,0.03237669605161043
693,0,0.085915320928279
1639,0,0.2240835686952929
2833,0,0.07885323925450173
2232,0,0.09380470855952433
2801,0,0.13880080603529388
2110,0,0.183854226929539
2741,0,0.07522372566942033
1090,0,0.2643806578757605
3544,0,0.34862793671815717
1523,0,0.08627127307626527
1414,0,0.13902794192021448
2412,0,0.08447987832646492
1544,0,0.09257058922826387
3580,0,0.039875002181753424
3724,0,0.08533658085948827
3066,0,0.27855211378404915
649,0,0.058660635321181064
2007,0,0.2022222939885925
1327,0,0.09128385573969179
2524,0,0.06234958316024379
1640,0,0.12571315553856613
1132,0,0.15833133556195966
1137,0,0.03458794508859354
952,0,0.0642373230574495
261,0,0.17483413469150869
424,0,0.28560872141920246
2514,0,0.2184089758325204
2723,0,0.04562434902612565
797,0,0.08920181762022555
318,0,0.07693217212516604
929,0,0.18007713654376328
16,0,0.016846736745694302
2050,0,0.10666912030363468
2332,0,0.047680580814892834
1318,0,0.17041541337812488
2252,0,0.19007304186811042
715,0,0.16356952778998526
1175,0,0.16983921699824797
853,0,0.11591756086008627
1412,0,0.08711015759015521
393,0,0.0495563190437791
1178,0,0.04068306535635327
949,0,0.09415474371840689
648,0,0.10854288110467633
2873,0,0.1120412153330362
246,0,0.13393656503685777
984,0,0.037045956953633205
534,0,0.20325539991319488
450,0,0.026208508635799026
2098,0,0.216793773994541
2625,0,0.08858149882825277
1205,0,0.05696982351171253
900,0,0.07826256606686885
1304,0,0.07760565855709149
1668,0,0.07406248123717263
1629,0,0.11933349113667109
721,0,0.5594162688003099
1729,0,0.040236469017935865
1798,0,0.04318372202950876
1195,0,0.11761019803301712
727,0,0.18678380252447654
3163,0,0.15680555190429044
134,0,0.1108353063810527
548,0,0.035356565407248054
2502,0,0.21895388119368797
2442,0,0.0768062142819551
3618,0,0.4025459871545863
3524,0,0.13839103422769983
1129,0,0.03283372874310666
3380,0,0.09923976744411635
295,0,0.049293364326074555
546,0,0.016709618757316493
2357,0,0.23282478010727525
561,0,0.11281606463669723
18,0,0.4421866514639545
3736,0,0.019643698834863516
1717,0,0.07948745148334857
2310,0,0.012144765597120225
547,0,0.026898597617842402
3128,0,0.2583033863426845
2567,0,0.00965845838512977
266,0,0.037045956953633205
2127,0,0.26819027933583506
2086,0,0.03028827712154552
3132,0,0.22756848944067792
1762,0,0.27235264403283227
73,0,0.18370682112370806
842,0,0.20590504476188512
3328,0,0.1124936711105859
1461,0,0.2028443701852256
3093,0,0.13210115680571868
403,0,0.025483685728894777
3304,0,0.14634039920397587
2489,0,0.12171106183556528
2510,0,0.26206724535596493
483,0,0.08285505609158106
1444,0,0.09904731092001252
522,0,0.040304478122307655
2181,0,0.04915346960035818
3189,0,0.10644887879773078
2767,0,0.04221974275840216
3265,0,0.050677261092658084
2790,0,0.13351125306513303
1232,0,0.012626122041773415
2634,0,0.15967656293591473
3530,0,0.03364669133248335
980,0,0.10955793455245384
696,0,0.17120630634400458
3541,0,0.4737998929240905
2237,0,0.27483977513224755
236,0,0.17281192978150633
2523,0,0.1771819564301438
2319,0,0.06548459446405817
3459,0,0.03319035060207853
3367,0,0.06799709536493792
2040,0,0.13804346794571318
2322,0,0.12984070951916032
1172,0,0.01573235692377533
3555,0,0.014724797029082663
357,0,0.043123129620912436
1914,0,0.04483117323354508
3404,0,0.1303071457909849
1870,0,0.30248772391775974
1530,0,0.0695787936661988
2661,0,0.23344781708576295
3640,0,0.2789158637010169
2940,0,0.5216979658898339
994,0,0.13271602915735425
1015,0,0.04810829799599472
3453,0,0.14730139080752733
2231,0,0.025012544038891655
178,0,0.02301681181172094
2324,0,0.11182286639988562
1969,0,0.06934057780942081
3046,0,0.14148511527616683
2717,0,0.019522611348403048
2279,0,0.33089483913102097
2161,0,0.10657260273818311
2230,0,0.14842495833335836
279,0,0.05514958863333367
3377,0,0.10491275802136826
758,0,0.19135884017921628
1405,0,0.16181971580246884
1556,0,0.15301102191635552
807,0,0.23013570524297583
2696,0,0.061602993511061375
593,0,0.05492374624690488
3747,0,0.06380315051543356
778,0,0.1531379630422517
1140,0,0.00965845838512977
749,0,0.0746139365845432
1230,0,0.11953576230246904
29,0,0.037045956953633205
618,0,0.09135855821303585
1313,0,0.15544079464028276
1896,0,0.015875100797752135
3521,0,0.03326223325790785
2177,0,0.05770181919739809
2963,0,0.12943253045864825
888,0,0.16291411560526337
1595,0,0.09120380998406234
3145,0,0.02395421894538172
1182,0,0.2928035622682746
133,0,0.12489805770469235
154,0,0.04240704010152321
2001,0,0.33273199029645834
1615,0,0.03707767998560655
3052,0,0.17207236125320907
1181,0,0.31567982702074515
3748,0,0.038446571877823306
303,0,0.045725984561917135
1287,0,0.3451936721250899
1231,0,0.05416021207910851
2359,0,0.13506238481559762
2370,0,0.069305719668845
41,0,0.28641226326337005
3160,0,0.058730441453238906
3646,0,0.07332167472383923
3116,0,0.08423685693660513
3063,0,0.21033911981145087
2210,0,0.17960628375433227
3626,0,0.34205105172304046
1388,0,0.13690682663593975
1066,0,0.16422012696630206
158,0,0.05622238552736955
2933,0,0.18290049491979662
2866,0,0.26610237561836664
54,0,0.042192073785063164
346,0,0.048618932171627195
2800,0,0.27482020751040565
2312,0,0.22157479366493119
23,0,0.025324898378423506
1922,0,0.017377905716145874
144,0,0.047955792128280945
2111,0,0.07424812099040051
944,0,0.08285505609158106
1636,0,0.03537279625054438
2379,0,0.05205133991441131
2813,0,0.0502671570996833
563,0,0.038865245122686076
3597,0,0.06608767264891909
1726,0,0.17197626316169454
1499,0,0.12175243392801632
1432,0,0.13454794555645122
796,0,0.15015215278194186
2420,0,0.10241486692944257
863,0,0.11127549532045707
121,0,0.4143566064918592
45,0,0.14990802055498337
2706,0,0.2057211740320411
3102,0,0.04569509312836043
1520,0,0.08646687840916328
2765,0,0.18261189492208665
3251,0,0.050286514701833485
2877,0,0.4006409509364334
3287,0,0.1144427560204637
3527,0,0.035305311574976066
157,0,0.02155283509320096
1096,0,0.061940309994512055
788,0,0.06180963431343899
614,0,0.09367508386247515
845,0,0.1468385085439964
2185,0,0.6353255864739941
1518,0,0.14561444304573742
273,0,0.0439141104068163
0,0,0.14739927846828174
3739,0,0.011939953930830843
67,0,0.06092548985452406
2944,0,0.04920264040010556
1810,0,0.05638653063475985
3558,0,0.12337955979851442
1700,0,0.04564449478669018
35,0,0.04149256485557366
2536,0,0.034141262007431304
1093,0,0.150246427606715
1684,0,0.0744562124418049
2369,0,0.04287844302527685
1043,0,0.012161337641297938
1517,0,0.13381439274564702
2811,0,0.02739122401129651
1152,0,0.04144537832168944
3315,0,0.05856478695089128
3010,0,0.20589330100101944
2015,0,0.21294301535552115
1459,0,0.03403546668510659
386,0,0.011261363385207838
1046,0,0.19239059525997326
873,0,0.20302198693635323
239,0,0.01955533717016238
510,0,0.06922697347023557
3190,0,0.16325533836150422
3257,0,0.17720988570243396
786,0,0.05168734184191949
1552,0,0.055520406205070316
3136,0,0.16348045586501675
921,0,0.10535474513380032
324,0,0.02329487886548928
2653,0,0.14859115240501403
2190,0,0.13622462431170496
3386,0,0.13896708930620372
1645,0,0.03961126521006833
1449,0,0.09969745869600853
1030,0,0.13590843372217343
3118,0,0.10865795335523938
3240,0,0.08373646216845136
3760,0,0.15043427970212297
2822,0,0.11941687231486994
1396,0,0.10232504413305289
282,0,0.13266310104384524
3030,0,0.2808679002530442
3658,0,0.12220032109055863
2238,0,0.09115572434506539
1682,0,0.19619759353353905
3319,0,0.08384515599581432
2885,0,0.15016598149991398
1781,0,0.02823101617683158
936,0,0.04463883084690534
2676,0,0.20789602362242093
1864,0,0.17667090505613312
3211,0,0.03565729189189872
3620,0,0.13688987176118664
1243,0,0.1816102770722445
1017,0,0.11075252110491762
2927,0,0.07009423354152829
890,0,0.049569378526407554
3698,0,0.05346642949299389
2163,0,0.07449637835875399
2995,0,0.04490554276688798
301,0,0.11960187824738458
464,0,0.04778144599438254
3462,0,0.04830673606653938
2869,0,0.04317801174283845
320,0,0.09290067512789724
3057,0,0.12639974642587543
3485,0,0.08965665029273236
523,0,0.24846891387786782
336,0,0.08285505609158106
3705,0,0.04028349645910997
736,0,0.06635922072273176
2516,0,0.04022497103582533
369,0,0.16433372076740083
3151,0,0.2812862152716456
2023,0,0.3452432699240091
10,0,0.18782689198419827
2073,0,0.19367899136682445
3653,0,0.062410393536215227
2585,0,0.1924593195933419
1343,0,0.11177250035259666
1328,0,0.09861335524076001
1311,0,0.30954980222124306
2482,0,0.3738236830168262
308,0,0.030982026825421678
861,0,0.05188409470734804
1298,0,0.05450081879575239
941,0,0.0414685527182312
1956,0,0.018561018662368402
1712,0,0.02329487886548928
1236,0,0.11646531779690347
866,0,0.07283154229573116
3150,0,0.27852191814330735
1604,0,0.13546637924896698
3184,0,0.20339056551874482
3125,0,0.1661254691764637
2603,0,0.29365222006612474
829,0,0.04186561298278695
1418,0,0.06889647774197159
926,0,0.1175758643607204
688,0,0.03581620480621245
2868,0,0.08530989313628749
1550,0,0.20795513990997577
1158,0,0.2528383612737744
854,0,0.13876916231165473
2857,0,0.19287897345629523
1944,0,0.14233264472110582
2247,0,0.10823548247016228
385,0,0.02297001995410189
3011,0,0.10765863513082204
1023,0,0.09682042892321692
2307,0,0.03875839796740784
647,0,0.29209434533599177
2367,0,0.3532637609503838
2291,0,0.09170971812622004
1680,0,0.23711681437372156
2407,0,0.04199788080183346
3413,0,0.17240785911410195
163,0,0.020753622776318287
2948,0,0.048924863491018926
2568,0,0.22602535995293
3449,0,0.05045106739021403
3091,0,0.14965766711208262
2363,0,0.07168490905909262
3195,0,0.07530475335112297
1769,0,0.15327835728717962
1245,0,0.3193183030871674
2936,0,0.08209727440881658
3099,0,0.23800425409453316
2893,0,0.1654505000644122
3095,0,0.17832688414954076
3314,0,0.3198822374840346
1292,0,0.06459831983767172
1971,0,0.11431274121935642
1921,0,0.27046872427880825
711,0,0.1373471352813387
3351,0,0.10251853039285103
2418,0,0.1974567708465511
2853,0,0.1899386245392102
3648,0,0.060481833013320094
2135,0,0.08872880000764372
1256,0,0.046239917760592456
1059,0,0.040913423731247595
800,0,0.33245125641415835
2984,0,0.055153933086720223
1940,0,0.22231078617747707
1710,0,0.013503525516595866
2970,0,0.08561235563396566
1912,0,0.2585891183724886
3186,0,0.015875100797752135
777,0,0.42929704257860424
2114,0,0.10485599777649775
1399,0,0.1549903841354881
2618,0,0.14606021107819028
1683,0,0.012538832933220834
3181,0,0.12381013466137795
3209,0,0.04938242050085312
2294,0,0.3539468072715002
3709,0,0.12358773455081312
2773,0,0.14187118370218954
314,0,0.06022784059792009
1389,0,0.12774995221904348
3661,0,0.0034342804771262847
3284,0,0.08548184974517187
378,0,0.12262863150797687
1886,0,0.14672410656476603
2063,0,0.35456773506318673
2329,0,0.23883088051204152
3056,0,0.03531216803144658
3712,0,0.13661079789020394
1716,0,0.12312650734293769
3025,0,0.1391982676000045
841,0,0.04769027334653911
2997,0,0.07780222191988082
3333,0,0.0984099342974354
2273,0,0.01909864182426469
3267,0,0.07288820122729807
2085,0,0.04540495669848166
388,0,0.04175284988081425
2602,0,0.11502179109080506
1282,0,0.1633103579167237
679,0,0.04222124772843268
1812,0,0.08234264702711395
673,0,0.1594789611342606
3749,0,0.09322395161140705
3708,0,0.03796803120848507
1469,0,0.04599209987144353
870,0,0.08385931979187528
2906,0,0.14058266619372542
698,0,0.12273128106709533
3250,0,0.08952779635573087
1850,0,0.2941119615738871
3149,0,0.10010281793406717
589,0,0.08984880546435743
977,0,0.033782582633237024
601,0,0.2001648883859202
1772,0,0.29150055082514315
1435,0,0.054872132459620075
370,0,0.37784784225822404
3415,0,0.07340120878843079
2235,0,0.3188047713505468
569,0,0.48107556931563383
3365,0,0.2147835544397285
3515,0,0.037125565709173323
3632,0,0.10192609352056141
1748,0,0.1993218018425928
3225,0,0.08819757674049425
1649,0,0.021994624268776485
3423,0,0.32581596383394523
2323,0,0.2868899591866121
3438,0,0.22698843294021556
1735,0,0.00965845838512977
1905,0,0.04452102488731523
2258,0,0.1250453066641051
1006,0,0.15885202667623993
2554,0,0.07615249742086586
2457,0,0.13603653858602666
580,0,0.2540318039102206
2309,0,0.04093327908979352
2941,0,0.04309674024008266
551,0,0.20275384791878603
1768,0,0.3515452748749193
1581,0,0.026132017847465213
1434,0,0.2285699355714808
1754,0,0.07851547166477857
1381,0,0.04100776096230269
685,0,0.10899475799283045
3610,0,0.16904622910855635
3131,0,0.16485373021435107
3477,0,0.1328007042109744
3134,0,0.09476723358305093
3427,0,0.1109743023574862
2060,0,0.24452271094162276
2867,0,0.06290287358331842
1589,0,0.04725361146526435
3217,0,0.2587217539052456
1983,0,0.0620408205826958
1551,0,0.06813141945503169
3441,0,0.0646944890575334
2204,0,0.08333440781303046
409,0,0.18480531529952204
892,0,0.12125630594498717
3564,0,0.03867894964845132
6,0,0.03597534606100064
883,0,0.15870376741736741
2395,0,0.29467327094319373
683,0,0.06386395554371782
2690,0,0.09473007067297678
1877,0,0.036314264974014424
476,0,0.05572066849047395
1946,0,0.08311632329773053
2282,0,0.10286652357324605
1565,0,0.016107791790830602
3077,0,0.1812454532102054
3479,0,0.11417021880791135
254,0,0.2074851506242981
1584,0,0.08933652902567693
68,0,0.21292539081918074
538,0,0.1788085754183474
1147,0,0.09423871974618347
1727,0,0.12909065433111955
255,0,0.6079755245057366
1250,0,0.04393677466300163
3368,0,0.12968428043316718
137,0,0.04358237300397638
2791,0,0.1960819198075759
520,0,0.1472572104586605
703,0,0.04956219133730599
248,0,0.1443527007354005
2520,0,0.38061312460579916
3352,0,0.1539106434849457
3285,0,0.17249380868487812
2691,0,0.06458203256218623
2437,0,0.04710425603274253
64,0,0.3634745746816536
819,0,0.18629874150254347
604,0,0.2666578940643748
2366,0,0.037573094525874595
2666,0,0.13766197120168538
2657,0,0.05640306729238078
2573,0,0.04592208462508251
1199,0,0.05957218605858208
1521,0,0.13985718181361612
9,0,0.11126064655400743
884,0,0.14942339889323264
2431,0,0.10423291751414007
2991,0,0.16715327017114803
2104,0,0.1863209678769533
316,0,0.25403515875202926
2478,0,0.12261717682246845
1097,0,0.040516349323508415
833,0,0.10127626029829102
2335,0,0.14308087296657218
355,0,0.13814292212361395
1483,0,0.02037189808598445
2493,0,0.024078948617827972
836,0,0.15833133556195966
3212,0,0.21526409398481663
3579,0,0.03097198877774516
2152,0,0.06253886965968136
2164,0,0.13484796748556382
1293,0,0.16847430871930752
756,0,0.047431337380270465
3219,0,0.18591737410790155
2278,0,0.10309334896074675
1678,0,0.11047137355087329
452,0,0.1379867975868774
3678,0,0.4565779726665309
2184,0,0.046457828749329466
1426,0,0.06704753251242428
1624,0,0.17466809506394568
667,0,0.10405968538033163
2062,0,0.05099001135169239
3728,0,0.08497488205800166
965,0,0.02245918099544928
3490,0,0.04443285508900258
2283,0,0.14352602306031792
2664,0,0.14056687766583026
2488,0,0.11833513072697974
3439,0,0.32428899573491576
1009,0,0.26133488799174914
177,0,0.05057445463993823
2071,0,0.14430735883063198
539,0,0.03941836655482083
2652,0,0.07809223268892412
2349,0,0.03644200269174298
3697,0,0.11363026459360727
1734,0,0.00965845838512977
512,0,0.16211032776538936
1189,0,0.07591167830458016
2880,0,0.12419467095167527
1571,0,0.17484930839250287
3426,0,0.04919421738576154
3502,0,0.16060743238076938
2355,0,0.03505482885667986
240,0,0.11623692038049216
3065,0,0.11165613270877414
1655,0,0.19466332073661993
2803,0,0.0966115543449111
931,0,0.19886079923631556
3431,0,0.12574820105514273
1980,0,0.05485845610467762
1929,0,0.052540456409280005
274,0,0.057382049307278395
1676,0,0.36945871742283287
968,0,0.4197074875586793
1564,0,0.0053616890772043525
2197,0,0.18115210279369987
2610,0,0.13509034302262468
1909,0,0.05680901128247471
2397,0,0.022012657076619226
1321,0,0.06750390540356269
1136,0,0.15812594413422318
2851,0,0.09189945115612906
494,0,0.2616743485825208
724,0,0.13926792469144936
2320,0,0.2942660387517478
1989,0,0.16186921073309554
3058,0,0.04735102544325004
3174,0,0.46887323433085637
3286,0,0.025072109126527353
2525,0,0.07685160877306073
2116,0,0.15656016148761684
1753,0,0.02938994756809417
2737,0,0.0638446220940001
1486,0,0.04014825598658212
3591,0,0.21865741260537536
3662,0,0.28942575921813996
2451,0,0.03541136398241979
722,0,0.30523049108677386
113,0,0.2318128685122775
118,0,0.19871849685439638
2130,0,0.12981273945723337
2101,0,0.20630232982027824
2827,0,0.10136590779783991
1179,0,0.14095557184683175
2658,0,0.11379428572019362
1224,0,0.17403537686989887
1154,0,0.10479285855844298
2364,0,0.10838349776809332
3703,0,0.20328534304084106
1314,0,0.0439550080966966
2228,0,0.01743627447751088
1688,0,0.09055086036301181
3162,0,0.1382657261485782
578,0,0.15833133556195966
2864,0,0.4106289117418213
1889,0,0.03494673715819374
1233,0,0.15818861351324867
53,0,0.21209546080959557
2980,0,0.035672147463462714
1185,0,0.09200180883297894
3435,0,0.18824695550781306
503,0,0.04282344284560495
3192,0,0.11831513695939323
1593,0,0.055213729176858316
825,0,0.19671942466637696
2333,0,0.1730084715225715
445,0,0.12270029685037022
2871,0,0.08684196976552853
2947,0,0.041564579603447824
283,0,0.07725720624746728
2504,0,0.20286656049839985
560,0,0.021943254070231396
2570,0,0.10783989823018557
2916,0,0.03929482192359814
1957,0,0.04165732384835757
754,0,0.25517823349784857
59,0,0.1563730511423451
3715,0,0.040095984851840065
1467,0,0.11818233869830802
2014,0,0.04514067320253992
1204,0,0.08460255615104632
3552,0,0.128003697514161
1421,0,0.04882752592447003
2175,0,0.12278464105518996
2808,0,0.12733910410053229
218,0,0.05004823050676098
1071,0,0.11388076374598426
1858,0,0.04763983442368697
1237,0,0.11073071462964476
1184,0,0.021838741353952064
2542,0,0.2941827788089601
152,0,0.04748216940131121
3261,0,0.3670752056018639
1379,0,0.050891110669224804
224,0,0.023974170396467386
3509,0,0.019088759183691198
1656,0,0.08634319185462534
2816,0,0.06893173268751936
3343,0,0.16889744964866618
1988,0,0.20479351673616297
2872,0,0.07276194413561139
349,0,0.16883834309783813
3690,0,0.09152744065325678
3,0,0.0648019937277526
2796,0,0.01747177785538823
3722,0,0.1296432211488732
2604,0,0.016709618757316493
1193,0,0.00965845838512977
718,0,0.05426071767352998
2526,0,0.1598567799757961
1115,0,0.02997441071251423
3143,0,0.1152813191947231
1741,0,0.040810654155272824
2178,0,0.02778244037090101
1950,0,0.1832243117917752
1526,0,0.055504196113690396
3753,0,0.22026004222764384
162,0,0.03824103686368642
2578,0,0.2894072424020083
1724,0,0.08627703034449226
2500,0,0.17684101357521473
855,0,0.253567983312188
1246,0,0.011811816594212906
3436,0,0.21017152089143504
775,0,0.14374721070360197
3701,0,0.03534161096002092
2688,0,0.0737551799719051
1501,0,0.04050666670316829
1070,0,0.07796224162447916
3080,0,0.4035127456503592
2821,0,0.044016376068888675
2543,0,0.07787446440797018
3021,0,0.07166415433390409
1504,0,0.012614357615800775
1637,0,0.08215156853163591
3663,0,0.13648851351900787
309,0,0.1960379426357361
1662,0,0.19417621503209487
1376,0,0.6822456095620995
1701,0,0.08385798706515192
1339,0,0.05074392734832614
315,0,0.10523810883900664
2733,0,0.08317526728141861
247,0,0.10230347434760163
1623,0,0.16495476871945275
1632,0,0.19605755385599966
717,0,0.03537279625054438
2802,0,0.10809185691983318
3061,0,0.07439991319734794
1939,0,0.1697894604232147
2736,0,0.12465875103891981
1374,0,0.07048667452163224
799,0,0.17349174267163614
2840,0,0.3106658726901415
1822,0,0.06919752457950132
2921,0,0.1213945782351604
583,0,0.3284520859194153
1007,0,0.27332573175652675
2411,0,0.08442547261522888
2950,0,0.12845854053828817
1122,0,0.17796425526527332
2009,0,0.08130458380513074
793,0,0.11640831115976953
910,0,0.055013877832991574
120,0,0.08994129387197822
1344,0,0.698664318757818
2295,0,0.3084277237221837
1557,0,0.43542581605743486
2206,0,0.2877509022336551
182,0,0.1223460109708712
1920,0,0.055897006613508375
1919,0,0.08606045801222717
2107,0,0.06662627316414801
498,0,0.054602164578773045
2461,0,0.049303328678142085
2698,0,0.23193953200438644
3005,0,0.03663621533405612
656,0,0.05896398446898355
2487,0,0.053468755135427176
3231,0,0.06019538258096929
2752,0,0.012945718482538766
323,0,0.04175284988081425
2025,0,0.11503957248234278
31,0,0.32382763877018816
3587,0,0.08547454725535746
2288,0,0.03954339657494508
3668,0,0.13283998257443097
1873,0,0.0979242462601157
3101,0,0.06345689309635821
623,0,0.038395295561897726
19,1,0.7706504432233922
27,1,0.47698410288988335
105,1,0.5915627423403871
115,1,0.8239164015535119
116,1,0.7295511579860626
147,1,0.5027016423080302
208,1,0.7434135491403921
289,1,0.6969458140490228
387,1,0.798159593313989
406,1,0.27386508646036223
429,1,0.4161514372731143
517,1,0.7977862328384875
519,1,0.4404104520630022
544,1,0.5164217103080899
568,1,0.5479826492522729
600,1,0.7779543260209697
639,1,0.44047169267372244
686,1,0.8488944038984834
794,1,0.6534907243773465
838,1,0.49660938078115785
860,1,0.8914206734406378
964,1,0.8380777861020615
1040,1,0.7363289923158962
1042,1,0.8566505020716728
1057,1,0.40787579415044234
1142,1,0.9246166152980183
1209,1,0.5406902964899583
1212,1,0.8757655284884895
1227,1,0.8662546593945689
1268,1,0.762720572061787
1269,1,0.6613148161319617
1275,1,0.8981146085053301
1336,1,0.917410610960468
1465,1,0.7458270872905937
1468,1,0.37425217394794746
1500,1,0.8717408341720113
1524,1,0.9999999995619242
1620,1,0.90704615004029
1633,1,0.7752028626915783
1659,1,0.5401526933919084
1705,1,0.7724219866889794
1706,1,0.8290238809615018
1777,1,0.32734373731336
1790,1,0.8563939903401208
1808,1,0.8852557828478089
1836,1,0.5584924172501462
1853,1,0.6199494115836254
1867,1,0.5254686827441808
1882,1,0.9999999996752647
1907,1,0.8117835423417348
1916,1,0.5317057697109624
2075,1,0.751285016938634
2131,1,0.4177442165628287
2136,1,0.9703783520222291
2209,1,0.9999999995619242
2236,1,0.5258216278086565
2298,1,0.5598835505931995
2339,1,0.46966217356640116
2356,1,0.6998945546351069
2374,1,0.7062423291889515
2382,1,0.5412385091505489
2444,1,0.9103545305306006
2503,1,0.9999999995619242
2515,1,0.3437082393695266
2588,1,0.5039142526675388
2601,1,0.894278953879822
2628,1,0.9009775870834454
2631,1,0.6188650766617149
2645,1,0.5603394441089107
2702,1,0.9009157509907297
2703,1,0.7631679133607736
2728,1,0.6458755041998837
2774,1,0.9999999995619242
2931,1,0.9999999995619242
2937,1,0.7419591475605619
2945,1,0.534623982772078
3006,1,0.2975729137405711
3075,1,0.8020886399270217
3147,1,0.9387376624665866
3164,1,0.8197430365472753
3222,1,0.5860067023068066
3274,1,0.7113237290009932
3275,1,0.8607594095895365
3429,1,0.6159845818084736
3476,1,0.7521117535622889
3512,1,0.736017300377528
3518,1,0.5731445651696705
3550,1,0.863008526668576
3562,1,0.8402799997215423
3565,1,0.6133727889836114
3589,1,0.61377418732738
3625,1,0.7949681060581142
3679,1,0.734643655840483
