orig_idx,label,anomaly_score
1746,0,0.25813358277082443
2522,0,0.19772467017173767
420,0,0.14162757620215416
59,0,0.001321381627349183
936,0,1.3611664474010468
4308,0,0.11252445727586746
4886,0,0.07266509905457497
1143,0,0.017329751048237085
919,0,0.0016643990529701114
4401,0,0.05121403746306896
3060,0,1.091939002275467
4895,0,0.23471519351005554
2227,0,0.024582398124039173
1253,0,0.0788473729044199
3977,0,2.226557672023773
4191,0,1.057704895734787
4790,0,0.33704526722431183
3064,0,0.2605539411306381
4798,0,0.9484297335147858
92,0,0.1277361586689949
4987,0,0.18274983018636703
1929,0,0.127724077552557
1753,0,0.050015900284051895
532,0,0.028064134530723095
2081,0,0.17105041444301605
30,0,0.24795960634946823
530,0,0.20856986194849014
1242,0,0.028475635685026646
4149,0,0.015981998294591904
3790,0,0.003815877134911716
497,0,0.5171188339591026
5109,0,0.21687327325344086
2144,0,0.0511153768748045
3238,0,8.558758599974681e-05
2275,0,0.29229670763015747
3011,0,0.2567116245627403
3953,0,0.07855920307338238
36,0,0.8870084881782532
3660,0,0.03578931000083685
1915,0,0.17015577480196953
1888,0,0.4982245936989784
3718,0,0.11931821331381798
738,0,0.24220801144838333
4492,0,0.00034104167571058497
4194,0,2.4933764040470123
4336,0,0.04568406846374273
2237,0,0.008318240521475673
1905,0,0.31158551573753357
767,0,0.18387216702103615
4200,0,0.04023457132279873
32,0,0.18620188906788826
2982,0,0.20403289049863815
4904,0,0.42445506155490875
121,0,0.44586561620235443
833,0,1.300491601228714
1654,0,0.035458420403301716
1862,0,0.24211954325437546
1373,0,0.4736785590648651
3876,0,2.9531001448631287
1729,0,0.02378199901431799
5144,0,0.0003949642268707976
4240,0,0.005534770782105625
3869,0,0.013247518334537745
2046,0,0.14120734483003616
220,0,0.88754041492939
5004,0,0.06376230530440807
569,0,0.010751154273748398
3621,0,0.0005977653345325962
1144,0,0.08135559596121311
1430,0,16.430683135986328
4976,0,0.12761084362864494
1963,0,0.18196527287364006
2531,0,0.7296080589294434
2952,0,0.28509027510881424
3148,0,0.5564934611320496
598,0,2.4159580789273605e-05
1635,0,0.19772426784038544
2184,0,0.12887969613075256
1678,0,0.2891828119754791
2818,0,0.15278368815779686
2161,0,0.07228832133114338
684,0,0.14131424948573112
513,0,0.52975694835186
4098,0,5.95241453993367e-05
845,0,5.375966548919678
1878,0,0.03085992392152548
4092,0,0.39996179938316345
1078,0,0.0030056893592700362
181,0,0.030992005951702595
1142,0,0.9617804437875748
440,0,0.3874715119600296
4797,0,0.25340520590543747
2292,0,0.08862472884356976
1826,0,0.15135179087519646
1649,0,0.031463622115552425
3006,0,0.18958310410380363
4834,0,0.06259209103882313
1341,0,2.613256573677063
2425,0,0.11820676177740097
1777,0,0.06692064553499222
3850,0,0.0020835251198150218
3732,0,0.008025236427783966
3945,0,0.1539340429008007
4359,0,0.0627729557454586
2008,0,0.5787473917007446
1549,0,0.2944870814681053
975,0,0.03613062668591738
4476,0,0.5705869048833847
1094,0,0.018199196085333824
1302,0,0.11682443507015705
2663,0,0.2835721895098686
507,0,0.8294682204723358
3825,0,0.8860275149345398
2078,0,0.34299930185079575
3076,0,0.29180049151182175
1369,0,5.572608232498169
4739,0,0.0029369842959567904
3087,0,0.29651279747486115
854,0,0.5052006840705872
4640,0,0.10347669571638107
3886,0,0.011181329609826207
3617,0,0.03263093624264002
3873,0,0.006905779475346208
1842,0,0.16054260358214378
4460,0,0.02912597358226776
2082,0,0.22479341179132462
2648,0,0.025888404808938503
3891,0,2.4826106429100037
1217,0,0.07461645640432835
123,0,0.22695864737033844
2726,0,0.14114917069673538
3942,0,0.5958455801010132
310,0,0.14109642058610916
3683,0,0.08516695909202099
1026,0,2.2383369505405426
5124,0,0.20934471487998962
4808,0,0.8918005675077438
4037,0,0.029392722062766552
4048,0,0.12369807064533234
4330,0,0.005219486891292036
808,0,0.5774486213922501
2264,0,0.27666250616312027
3849,0,0.19593199342489243
3594,0,0.002792649669572711
3553,0,0.08697610907256603
3959,0,0.32246384024620056
1035,0,0.007407197495922446
775,0,0.9744767546653748
3794,0,0.03934975527226925
2844,0,0.3322438783943653
474,0,0.04532796610146761
1914,0,0.023305071517825127
1964,0,0.0486056562513113
3670,0,0.015710768289864063
1128,0,0.005191072239540517
3081,0,0.00998552399687469
2591,0,0.11060712486505508
4150,0,0.7148667275905609
1973,0,0.24576522409915924
2670,0,0.5834961980581284
2929,0,0.18153047561645508
4727,0,0.5450075715780258
4444,0,0.017223743721842766
1436,0,0.03255751356482506
373,0,0.42539631575345993
1642,0,0.46375277638435364
739,0,0.024645326659083366
1178,0,2.154471516609192
2973,0,0.02963663823902607
2544,0,0.06852664612233639
3957,0,0.026798187755048275
2068,0,0.046984126791357994
4792,0,0.12888136133551598
4273,0,0.0011308338143862784
1993,0,0.07598632760345936
3133,0,0.45592211186885834
2825,0,0.2072170302271843
4238,0,0.8459534198045731
469,0,0.2747461125254631
454,0,0.011691217543557286
933,0,0.38446640968322754
4693,0,0.1260187067091465
3905,0,0.020143807400017977
1483,0,0.15640867687761784
1462,0,0.8773094415664673
1451,0,0.5751460418105125
3730,0,31.6045560836792
2334,0,0.005939917406067252
1455,0,0.19556924700737
3210,0,0.0007615814683958888
1342,0,0.16393179818987846
2991,0,0.1321176141500473
728,0,0.17470915988087654
2845,0,0.03259093500673771
3368,0,0.002626102475915104
2779,0,0.028457170352339745
1232,0,0.009932676097378135
5058,0,0.07734051905572414
905,0,0.03158044349402189
801,0,0.19376329332590103
1005,0,0.353731244802475
2931,0,0.0817436333745718
4543,0,0.49565742909908295
2480,0,0.23902802914381027
2717,0,0.0058926420751959085
2821,0,0.39774277806282043
4833,0,0.10820281505584717
4278,0,0.007204179419204593
4887,0,0.0709561686962843
3243,0,0.007739523192867637
1240,0,0.011091194115579128
1492,0,0.16885562613606453
3893,0,0.3069402649998665
5055,0,0.01976161915808916
170,0,0.1331096515059471
4249,0,0.0018517255084589124
2624,0,0.314143817871809
4908,0,0.45827530324459076
3509,0,1.6550422310829163
3822,0,0.07242110185325146
4324,0,0.11504663899540901
2928,0,0.20719492435455322
3075,0,0.06831786409020424
1472,0,0.003232688410207629
2658,0,0.03660049941390753
1408,0,0.023545478470623493
4509,0,0.0018228475819341838
4617,0,1.478868305683136
3425,0,0.016754072159528732
3228,0,0.04713319055736065
695,0,0.14082585275173187
647,0,0.12381237745285034
639,0,0.47948628664016724
1327,0,0.057177482172846794
3098,0,0.11651555076241493
1084,0,0.22118615359067917
4109,0,0.001725085952784866
2905,0,0.16066578403115273
2679,0,0.520675502717495
2076,0,0.28005845099687576
2994,0,0.1677565947175026
996,0,0.030854911543428898
2918,0,0.1851424165070057
3565,0,0.13472789525985718
1651,0,0.1191423274576664
21,0,1.0150077044963837
3147,0,0.038253363221883774
178,0,0.5705976858735085
471,0,0.014119755942374468
218,0,0.015128545928746462
2817,0,1.2768034636974335
1376,0,0.11023558303713799
4473,0,0.44246426224708557
2056,0,0.17662662640213966
2659,0,0.26398801803588867
4288,0,0.25503889471292496
3100,0,0.5207715332508087
3108,0,0.15208492800593376
3520,0,0.036551233381032944
3102,0,0.03645248059183359
4619,0,0.023114134557545185
1959,0,0.039623397402465343
3868,0,0.4464889168739319
3748,0,0.359017513692379
1621,0,0.5861499160528183
3283,0,0.00499737064819783
4662,0,0.07914010249078274
786,0,0.09008147567510605
38,0,0.1391998641192913
2307,0,0.05614578723907471
2177,0,0.2995845526456833
2263,0,0.10117832198739052
4549,0,0.06770592369139194
3386,0,9.7704598903656
3112,0,0.46457670629024506
1774,0,0.28312084823846817
4559,0,0.00028757179097738117
2592,0,5.276901356410235e-05
4898,0,0.5491978973150253
1057,0,0.43675440549850464
1704,0,0.042562851682305336
99,0,0.7775617241859436
5041,0,0.010311681311577559
3607,0,0.03786540683358908
4947,0,0.04925592988729477
1574,0,0.0619591623544693
334,0,0.019825251772999763
3215,0,0.050165774300694466
2106,0,0.04174701310694218
4788,0,27.59253215789795
2085,0,0.16082947701215744
4738,0,0.0008321077621076256
225,0,0.2467328980565071
3755,0,2.347982168197632
2239,0,0.03138158284127712
2731,0,1.4472570419311523
4264,0,0.00271489197621122
3992,0,0.26993849873542786
285,0,7.414174318313599
2372,0,0.07969451509416103
2870,0,0.0346716670319438
4449,0,0.0009346328442916274
2499,0,0.26024483889341354
4954,0,0.47509177029132843
2859,0,0.24780579656362534
893,0,0.003249594010412693
1553,0,0.11831260845065117
1360,0,0.33990025520324707
1912,0,0.03268562536686659
3521,0,0.492268368601799
145,0,0.017756926361471415
3122,0,0.3537205308675766
2886,0,0.27516281604766846
4772,0,0.015684077516198158
2509,0,0.18892121315002441
4414,0,0.049016073346138
152,0,0.009085929254069924
3674,0,0.8564472198486328
2504,0,0.0001669637240411248
1948,0,0.107007946819067
103,0,0.12408218532800674
1284,0,0.04954953119158745
4015,0,0.014229138381779194
5135,0,32.07297706604004
2653,0,0.2355402410030365
1769,0,0.07879528775811195
2234,0,0.20288556441664696
1584,0,0.12245282158255577
3035,0,0.2796338126063347
2705,0,0.4373443275690079
4366,0,6.119250429037493e-05
2551,0,0.24337515234947205
3259,0,0.03060035314410925
1641,0,0.06715258955955505
4470,0,2.053124964237213
4204,0,0.0012979004241060466
4572,0,0.13081559538841248
3885,0,0.010803279932588339
2879,0,0.2845339849591255
2539,0,0.02798935677856207
3459,0,6.898058018123265e-05
2660,0,0.36383622139692307
3297,0,0.02254160726442933
1754,0,0.4956926107406616
1079,0,0.3412126824259758
580,0,0.13998061046004295
1052,0,0.07905218750238419
1464,0,0.44125449657440186
115,0,4.762698769569397
2527,0,0.16893307864665985
2283,0,0.11196893826127052
1312,0,0.02147844387218356
2464,0,0.016315582673996687
1427,0,0.08817211724817753
369,0,0.2902340814471245
3598,0,0.003170736017636955
372,0,0.7465580999851227
3315,0,0.04299610946327448
19,0,0.431923970580101
2496,0,0.12844933569431305
1589,0,0.5893474668264389
2181,0,0.309539258480072
4248,0,0.5980830043554306
1275,0,0.6040688753128052
1115,0,0.2259785681962967
4451,0,1.2407030761241913
2421,0,0.1839350089430809
2128,0,0.3628969117999077
2998,0,0.1573316678404808
708,0,0.26324372738599777
2268,0,0.3501598387956619
3900,0,0.5406055301427841
792,0,0.22855643928050995
4323,0,0.003041015239432454
4568,0,0.2489739954471588
4283,0,0.41692444682121277
5108,0,40.84107685089111
3142,0,0.006240706890821457
3463,0,0.19065426290035248
4737,0,0.0025083941873162985
401,0,0.15512258559465408
1859,0,0.4873884916305542
4682,0,0.5961608290672302
2946,0,0.0032017427729442716
320,0,0.3286803066730499
2162,0,0.3154636546969414
2677,0,0.0973675511777401
516,0,1.1599800884723663
4097,0,0.8565641641616821
3783,0,0.185306366533041
3798,0,0.2505333870649338
298,0,0.00943327322602272
3712,0,1.0674453377723694
2114,0,0.028312962502241135
3000,0,0.1689155548810959
2586,0,0.34134308248758316
4966,0,1.066253274679184
1185,0,0.06602888368070126
3708,0,0.0516193974763155
1331,0,0.21684186905622482
4697,0,0.07637949474155903
4846,0,0.6169336289167404
4183,0,0.004922418273054063
3859,0,0.15820514783263206
2940,0,0.1961282193660736
769,0,1.208740472793579
1200,0,11.296724081039429
2092,0,0.032650301232934
2205,0,0.2047613449394703
46,0,0.21678796783089638
872,0,1.0556188523769379
1988,0,0.5521531999111176
2141,0,0.0843177828937769
930,0,0.013113428838551044
450,0,0.4535441994667053
1338,0,0.5059326142072678
85,0,1.1130834072828293
1595,0,0.22252269834280014
3550,0,0.7237336933612823
2661,0,0.17995677888393402
1745,0,0.038153573870658875
3839,0,2.022932231426239
3575,0,0.10720759257674217
4538,0,0.01286253472790122
421,0,0.1376473680138588
4621,0,0.003763823420740664
4704,0,0.8765470683574677
4054,0,0.1820126362144947
887,0,0.48743000626564026
2597,0,0.470026358962059
1287,0,0.08333978243172169
1379,0,0.22457939386367798
3719,0,0.014167701825499535
4391,0,0.010427906177937984
2134,0,0.044350664131343365
848,0,5.8212651014328
4547,0,0.23637697845697403
2862,0,0.41100603342056274
2913,0,0.6496438533067703
4638,0,1.1257469952106476
2317,0,0.12500490993261337
2379,0,0.3128904104232788
2964,0,0.19965031743049622
4135,0,0.0011519218096509576
1808,0,0.9841794669628143
3067,0,0.16745344921946526
1000,0,0.0002870250027626753
3744,0,15.896764755249023
4891,0,0.06314515694975853
3091,0,0.18422289937734604
1098,0,0.1270277090370655
4684,0,0.030158895067870617
61,0,0.6862016767263412
4874,0,179.521728515625
1149,0,0.000805795134510845
1367,0,0.24917719513177872
3012,0,0.20654701441526413
4328,0,0.8705421090126038
2367,0,0.24342548847198486
4369,0,0.023585052229464054
2127,0,0.5874985009431839
4730,0,0.0555339977145195
4038,0,0.00042355494224466383
1518,0,0.2663312181830406
1198,0,0.008899153210222721
4930,0,0.28723571449518204
634,0,0.009809947572648525
1565,0,0.22585313022136688
1279,0,0.001391041703755036
2566,0,0.32809752970933914
468,0,0.001213080802699551
2152,0,0.2810545116662979
1866,0,0.376916840672493
4070,0,0.00019628699374152347
2559,0,0.036414943635463715
3275,0,0.9444298446178436
1068,0,0.7565681636333466
2834,0,0.33498919755220413
3323,0,3.074856162071228
2955,0,0.24543993920087814
4923,0,5.460259795188904
1923,0,0.014863289427012205
3026,0,0.010165428975597024
370,0,0.6205121427774429
3034,0,0.14187836274504662
3821,0,0.021413147449493408
3151,0,0.23397955298423767
55,0,0.02151654241606593
2339,0,0.5869861096143723
2808,0,0.28009211272001266
2282,0,0.022213473916053772
1734,0,0.537943035364151
4866,0,0.10707244277000427
3201,0,0.0858882162719965
4824,0,0.0505913682281971
3138,0,0.18342598155140877
1241,0,0.0067178006283938885
4313,0,0.00041392658022232354
3490,0,0.4115854799747467
1521,0,0.7066120505332947
1723,0,0.11963573098182678
363,0,0.0227930280379951
4488,0,0.9299369752407074
3168,0,0.20603252202272415
3572,0,0.1175578236579895
1619,0,0.4137441962957382
4611,0,0.12126712873578072
1273,0,0.332393042743206
1806,0,0.13437262549996376
3753,0,5.324218511581421
3539,0,0.014105044305324554
2248,0,0.11676618084311485
2800,0,0.04373993817716837
4687,0,0.027461146004498005
3840,0,1.710281789302826
4573,0,5.718892335891724
3975,0,0.15127040818333626
321,0,0.20082888007164001
3928,0,0.7973149716854095
1832,0,0.29708433151245117
118,0,3.737468719482422
1800,0,0.35073255747556686
3371,0,0.05657626502215862
385,0,0.037274569272994995
758,0,0.42295434325933456
4395,0,1.107540339231491
1550,0,0.46053045988082886
57,0,0.25025374442338943
2289,0,0.1671102326363325
4255,0,2.384865880012512
2709,0,0.38450051844120026
3899,0,0.35307924449443817
3872,0,0.32135995477437973
4314,0,0.07372776791453362
1624,0,0.030727562494575977
4735,0,1.4282277524471283
2459,0,0.30005883425474167
3013,0,0.3182814493775368
4694,0,0.02679281495511532
151,0,0.018865569960325956
4016,0,0.004039370105601847
4853,0,0.15043270960450172
3284,0,0.030679226852953434
3805,0,0.3739377111196518
4340,0,4.918347716331482
93,0,0.08749147318303585
3165,0,0.25539375096559525
1819,0,0.07475344464182854
1544,0,0.0031927290838211775
1082,0,4.313379764556885
4571,0,0.018382692709565163
3287,0,0.1199713759124279
2576,0,0.35846278071403503
2168,0,0.2437136024236679
2262,0,0.5750797167420387
4705,0,0.008286309661343694
4751,0,0.24376440793275833
2795,0,0.055863646790385246
2418,0,0.3410754054784775
702,0,0.3731621727347374
3740,0,0.7221899181604385
1613,0,0.19652559980750084
4897,0,0.04661492630839348
3321,0,2.2394607067108154
3657,0,0.008739067940041423
4925,0,0.5741872787475586
2430,0,0.2775295302271843
626,0,0.009345939382910728
1250,0,0.26940570771694183
44,0,0.4740094542503357
2830,0,0.500029519200325
4223,0,0.025655890814960003
2984,0,0.08999893628060818
2491,0,0.22244929522275925
1139,0,32.12410068511963
399,0,0.2895886078476906
3470,0,1.030315101146698
4756,0,0.0019208267913199961
576,0,0.14978264272212982
4442,0,0.011324889957904816
266,0,0.4567675441503525
2410,0,0.14316412433981895
4755,0,0.34941796213388443
2976,0,0.21691835671663284
4012,0,0.0026624006568454206
1516,0,0.375436931848526
4315,0,2.0067853331565857
1639,0,0.24584021419286728
1921,0,0.08714884333312511
4033,0,0.0008093075011856854
4964,0,0.012105952017009258
2356,0,0.3514377772808075
3031,0,0.031021909788250923
1157,0,0.4069708585739136
3551,0,0.24590317904949188
3978,0,3.857662081718445
4527,0,0.1501721888780594
4803,0,0.22050946950912476
1191,0,0.04776611924171448
4731,0,0.12751089222729206
3145,0,0.1507466845214367
124,0,0.5180345624685287
1166,0,0.1697411946952343
2031,0,0.15192878991365433
2101,0,0.15188219025731087
1592,0,0.3781401067972183
4010,0,0.10202530771493912
154,0,0.10786636546254158
969,0,0.01804458349943161
2662,0,0.21360064297914505
2121,0,0.017472244799137115
4347,0,1.2779684513807297
3246,0,0.0709187351167202
2010,0,0.018239374738186598
3365,0,0.0013794353872071952
3285,0,0.005157603649422526
4503,0,0.3207598216831684
194,0,3.3145419359207153
69,0,0.2778344750404358
2014,0,0.27682388573884964
4554,0,0.14922790601849556
3605,0,0.5492231100797653
4327,0,0.6982613205909729
1064,0,0.34258782863616943
4578,0,0.010444025276228786
1377,0,0.338935062289238
2519,0,0.4248943328857422
4500,0,0.6921375095844269
2671,0,0.3155028373003006
5093,0,0.38463476300239563
2820,0,0.32726146280765533
3268,0,0.09924821555614471
242,0,0.4558427184820175
1596,0,0.1189635694026947
1197,0,2.6117987036705017
2395,0,0.27210118621587753
1375,0,1.2227365672588348
1424,0,0.05713309161365032
3502,0,0.03979212697595358
4061,0,0.22199555486440659
4826,0,0.16723603382706642
2556,0,0.38445062935352325
2692,0,0.006156721618026495
4750,0,0.02853303775191307
957,0,0.13939689472317696
1650,0,0.24142824858427048
1074,0,0.18532832339406013
1775,0,0.828187420964241
1660,0,0.014594487380236387
1336,0,0.20114301145076752
4654,0,0.025258736684918404
2558,0,1.0148622542619705
2961,0,0.3465794138610363
652,0,0.0030329794390127063
812,0,0.10544570535421371
3576,0,0.005788171081803739
478,0,0.21585895121097565
4225,0,0.2434750646352768
341,0,0.6924914121627808
126,0,0.7771355509757996
5094,0,0.33169689774513245
3536,0,0.00813970249146223
4057,0,0.957769900560379
4478,0,0.0058775958605110645
941,0,0.9933302700519562
1293,0,0.06889018043875694
3567,0,0.15622729808092117
1876,0,0.23611517250537872
337,0,0.19030127674341202
2911,0,0.1858980618417263
4214,0,0.7106727957725525
3518,0,0.06955419480800629
2032,0,0.26476916670799255
4188,0,0.6952142715454102
3445,0,0.14943084865808487
5171,0,0.03708916995674372
1833,0,0.6083331406116486
3403,0,0.012534205801784992
1247,0,0.07156413607299328
2791,0,0.19807590544223785
4169,0,0.028265261091291904
1786,0,0.2962520197033882
994,0,0.04338215198367834
3261,0,4.297883033752441
3727,0,0.002463649318087846
4768,0,0.9634880125522614
4806,0,25.269301414489746
3896,0,0.015620584599673748
3780,0,0.056497709825634956
1334,0,0.37084823101758957
3024,0,0.011404915479943156
3810,0,0.0023277526488527656
731,0,0.4456632435321808
2528,0,0.3987385779619217
3826,0,0.30454976856708527
4566,0,0.09654074907302856
1498,0,0.037010226398706436
686,0,0.5838272422552109
1822,0,0.04164110217243433
2990,0,0.01089683803729713
1147,0,0.017727205529808998
2351,0,0.29419659823179245
935,0,0.336294449865818
3186,0,0.21942338347434998
944,0,0.003074382897466421
95,0,1.0375831127166748
2543,0,0.29067689180374146
2461,0,0.3244939297437668
3871,0,0.0009235858451575041
2826,0,0.11189167946577072
5044,0,0.05704900436103344
5140,0,0.2131800726056099
444,0,0.27464883774518967
3467,0,0.05405669845640659
3554,0,0.001204683620017022
4000,0,0.07686837762594223
2043,0,0.05044498108327389
705,0,0.9235326051712036
3250,0,0.1439959779381752
4355,0,0.06774970516562462
3018,0,0.15600842982530594
3475,0,0.0005560740100918338
5156,0,0.33395974338054657
1316,0,0.0008043427078519017
3488,0,0.00790245970711112
1056,0,0.6531483829021454
1468,0,0.0003744718706002459
3864,0,0.6209002733230591
2352,0,0.22697516530752182
4882,0,0.14740058407187462
656,0,0.9786598086357117
3843,0,0.0001315147237619385
1344,0,0.00022703821014147252
4786,0,0.3878065049648285
3132,0,0.2600780725479126
1456,0,0.04846414178609848
5099,0,0.04844288527965546
1393,0,0.6790565103292465
1752,0,0.4909881055355072
742,0,0.17552296444773674
164,0,0.0760104339569807
1928,0,0.14072028547525406
1643,0,0.16419092193245888
4029,0,0.00039162430039141327
2125,0,0.024398429319262505
1874,0,0.28974245488643646
2518,0,0.13334911689162254
1895,0,0.056107157841324806
4216,0,0.0015046081971377134
4988,0,0.318399578332901
1758,0,0.192171111702919
3722,0,0.28839848935604095
2965,0,0.27876488864421844
3084,0,0.34460480511188507
1087,0,0.18182728439569473
4924,0,0.4069817215204239
331,0,0.09463389962911606
2259,0,0.04976027458906174
1099,0,0.05548877455294132
3055,0,0.05211256630718708
1863,0,0.26050036400556564
2332,0,0.18178512901067734
2049,0,0.04102480039000511
688,0,0.21421080082654953
989,0,0.2790839597582817
2111,0,0.21934930980205536
904,0,0.007242727093398571
2540,0,0.15584253519773483
2669,0,0.2832207977771759
255,0,0.08513863943517208
2013,0,0.07164188660681248
2565,0,0.2084290087223053
573,0,0.7768785953521729
4888,0,0.30127233266830444
318,0,0.5312045216560364
384,0,1.2343920767307281
2875,0,0.16546309366822243
2579,0,0.19544445723295212
2179,0,0.11791756376624107
3807,0,0.037785097025334835
1270,0,0.009217096958309412
527,0,0.08464956097304821
4284,0,1.0959776788949966
2688,0,0.24670138210058212
4967,0,0.03511624317616224
5064,0,0.49773453176021576
1409,0,0.031651600264012814
2678,0,0.015503883361816406
732,0,0.01447152066975832
1081,0,0.39123693108558655
970,0,0.24781078845262527
1417,0,0.7079618722200394
2273,0,0.13784562796354294
1952,0,0.046872750855982304
1339,0,0.0866712424904108
2937,0,0.3495320454239845
1762,0,0.1884598284959793
4244,0,0.7002763152122498
2428,0,0.06993293948471546
927,0,0.2973450981080532
4948,0,0.42698317766189575
3096,0,0.022302507888525724
3994,0,1.3268590867519379
3120,0,0.41905246675014496
564,0,0.534019723534584
1513,0,0.3129402659833431
236,0,0.0010166191204916686
2760,0,0.42324909567832947
1368,0,0.0009302243997808546
3884,0,0.2307993695139885
2324,0,0.30600911378860474
4707,0,0.15733733028173447
2763,0,0.3632093667984009
3653,0,0.0010589106241241097
406,0,44.49737548828125
2806,0,0.03954764362424612
3615,0,4.830955266952515
1820,0,0.1415422149002552
751,0,0.09850230440497398
5152,0,0.011225956957787275
4867,0,0.559225782752037
2620,0,0.24580467492341995
1212,0,0.14713511057198048
4367,0,0.02569612395018339
4639,0,0.31359661370515823
4197,0,0.00015034598982310854
1244,0,0.14653636515140533
1532,0,0.007601210614666343
2814,0,0.3882925808429718
3241,0,0.12428301572799683
2668,0,0.278751902282238
1335,0,0.29383349418640137
522,0,0.01494639739394188
335,0,0.0013653160713147372
3537,0,0.1308428943157196
3759,0,0.000978236726950854
1519,0,0.021453108172863722
3419,0,0.007473646430298686
1010,0,0.1281208097934723
3140,0,3.9094637632369995
4482,0,6.645784378051758
2838,0,0.45786434412002563
1841,0,0.026806323789060116
3579,0,0.007285914849489927
4680,0,0.008408016292378306
2408,0,0.7321933060884476
4426,0,0.17258600145578384
2706,0,0.33260080218315125
1318,0,0.002218684006948024
4266,0,0.09265642426908016
1130,0,0.14532628655433655
4595,0,0.5344158485531807
2155,0,0.47718268632888794
4634,0,0.04591371025890112
1119,0,0.07361623272299767
5056,0,0.08096496760845184
2850,0,0.08187662623822689
882,0,0.07891614362597466
1814,0,0.02345385868102312
3548,0,0.0023256067070178688
207,0,0.5855777412652969
3189,0,0.09680671244859695
1720,0,0.2794919013977051
3804,0,0.2831790894269943
122,0,0.5480631440877914
3772,0,0.027388117276132107
1383,0,0.10525067523121834
1839,0,0.05229978449642658
2759,0,0.396919384598732
23,0,0.24657154083251953
3395,0,0.0008005059789866209
2105,0,0.5834961980581284
1599,0,0.12389097921550274
1117,0,0.264680877327919
1597,0,0.2943214885890484
997,0,0.3028796464204788
5085,0,0.18467941135168076
1301,0,0.02406254969537258
1792,0,0.19716909527778625
3319,0,1.4040288627147675
3665,0,0.003914959263056517
2037,0,1.0053659826517105
5034,0,0.0690300464630127
909,0,0.05231325700879097
1744,0,0.26623478159308434
2396,0,0.13395113870501518
2587,0,0.3150314837694168
4361,0,1.0098550915718079
757,0,0.5680520310997963
96,0,0.4573711082339287
4837,0,0.38828860223293304
4421,0,1.710715889930725
1766,0,0.21916086226701736
1348,0,0.06782314740121365
2902,0,0.32262999564409256
5021,0,0.04172066878527403
2884,0,0.2557869181036949
290,0,0.44042567908763885
98,0,0.19282009452581406
2226,0,0.16464198008179665
4838,0,0.027804214507341385
2751,0,0.5502819120883942
4310,0,0.004049692419357598
2123,0,0.41253402829170227
1828,0,0.37520159780979156
2958,0,0.13472983986139297
1329,0,0.07193825952708721
4678,0,0.23277875036001205
3823,0,0.027511890046298504
3355,0,0.22566448152065277
2474,0,0.03955102991312742
1211,0,0.041245272383093834
1113,0,0.0011290977126918733
3194,0,1.5097045600414276
3118,0,0.6322959512472153
797,0,0.052301499992609024
3709,0,0.053095752373337746
213,0,0.5891275778412819
4664,0,0.04694266989827156
2175,0,0.6567153483629227
244,0,0.4412045180797577
2656,0,0.0150997512973845
1246,0,0.006160942604765296
2865,0,0.3816846013069153
3769,0,0.12438739836215973
2858,0,0.1960960328578949
3937,0,0.004385231877677143
4065,0,0.3595227375626564
1657,0,0.14294546842575073
2380,0,1.2958431094884872
4479,0,0.6742114126682281
1202,0,0.7185953855514526
2637,0,0.1831699199974537
1024,0,0.00015598990285070613
2148,0,1.5124667286872864
2769,0,0.1969217285513878
3036,0,0.20704727992415428
2636,0,0.0029558781534433365
1837,0,0.16229941695928574
4795,0,6.657700300216675
4597,0,0.1502583995461464
1780,0,0.5441086292266846
885,0,0.025259340181946754
3619,0,0.00026922192773781717
2753,0,0.12350006774067879
3622,0,0.010504620848223567
2873,0,0.002860748616512865
3799,0,0.0010282259609084576
125,0,0.2992994673550129
4416,0,0.03591224178671837
3363,0,0.2967821806669235
2667,0,0.278721459209919
2866,0,0.2505975365638733
3345,0,0.002671584428753704
3741,0,0.013842787127941847
5016,0,0.34724025428295135
1630,0,0.834220826625824
1101,0,0.09931652247905731
3920,0,0.03382854536175728
1210,0,2.0682549476623535
3468,0,0.00201626296620816
724,0,0.07487092539668083
3932,0,0.8946097791194916
4008,0,2.140097737312317
3831,0,0.011253739474341273
2835,0,0.3777208775281906
3086,0,0.03311164677143097
3212,0,0.1200740598142147
1623,0,0.06727561354637146
549,0,0.053156107664108276
4843,0,0.014478153549134731
1637,0,0.1271335445344448
3593,0,0.04408684931695461
657,0,0.21979480236768723
2904,0,0.5931535139679909
3248,0,0.01794152380898595
4384,0,0.00527595856692642
1431,0,0.0411947350949049
500,0,3.6238678148947656e-05
3836,0,1.2815051525831223
456,0,1.0284681022167206
3776,0,21.942250728607178
398,0,0.37705881893634796
5139,0,0.21909181773662567
4524,0,0.02423972636461258
2299,0,0.18833646923303604
4316,0,0.005761357024312019
1689,0,1.1770986020565033
72,0,0.5354973077774048
1608,0,0.21311268210411072
1535,0,0.524610310792923
985,0,0.004197745467536151
3339,0,10.431254625320435
1507,0,0.25545747578144073
1131,0,0.0002668305969564244
2330,0,0.19707877188920975
2342,0,0.37366537749767303
4091,0,0.00023615156533196568
3001,0,0.36359576135873795
749,0,0.4786721020936966
3216,0,0.4675813466310501
2012,0,0.574625551700592
1840,0,0.19130710512399673
2047,0,0.23096971213817596
3436,0,0.21923886984586716
105,0,4.9667054414749146
2401,0,1.2079791758878855e-05
976,0,1.1943160593509674
3676,0,0.011620686622336507
1332,0,0.02268414990976453
1361,0,0.2804604694247246
1590,0,0.27942895889282227
3824,0,1.3309308886528015
4626,0,0.08263911120593548
4022,0,0.0051602942403405905
2350,0,0.1622791551053524
1061,0,5.830477595329285
2424,0,0.2833315134048462
5043,0,0.0015516888233833015
4696,0,0.20510756224393845
3939,0,2.543872058391571
3995,0,0.1568012461066246
1093,0,0.11363014206290245
4331,0,0.16711457446217537
2922,0,0.2049979269504547
2486,0,0.03140714205801487
518,0,1.0523906350135803
4463,0,0.46757663786411285
2487,0,0.26313067227602005
2419,0,0.48892052471637726
3053,0,0.4883375018835068
4178,0,0.0034070208203047514
5036,0,0.5934945791959763
5160,0,0.0004913567681796849
3720,0,0.01037500030361116
168,0,0.17099400237202644
1042,0,0.12289022281765938
4955,0,0.5172536820173264
2996,0,0.28481387346982956
2513,0,0.14666930213570595
1742,0,0.09859679639339447
4468,0,0.3022845610976219
3645,0,0.23150159418582916
2463,0,0.020563893020153046
1954,0,0.7364653944969177
3128,0,0.16549813002347946
4165,0,0.03970581851899624
4829,0,0.2476288229227066
1811,0,0.11970217153429985
4137,0,0.08405791595578194
1426,0,0.33961573988199234
4512,0,0.0025379983708262444
223,0,0.09068764373660088
4161,0,0.08926771022379398
2145,0,0.1922992542386055
438,0,0.19634541124105453
1317,0,0.11390594020485878
3984,0,1.7822434306144714
47,0,0.7370195388793945
2699,0,0.00013731801300309598
3308,0,0.0006172990542836487
3183,0,0.12236395105719566
2072,0,0.06661484576761723
4337,0,1.6606138944625854
2117,0,0.4729080945253372
3090,0,0.20071212947368622
1556,0,0.04521049652248621
2494,0,0.7770519554615021
2616,0,0.32929933816194534
467,0,0.016708422917872667
2962,0,0.0815606452524662
2233,0,0.15255536511540413
1308,0,0.4375966787338257
771,0,0.2663504406809807
5040,0,0.02931599970906973
613,0,0.5331224352121353
1298,0,0.15639788657426834
3405,0,0.0002521495844121091
4625,0,0.6153772473335266
1060,0,0.34301015734672546
3232,0,0.408349871635437
877,0,0.007234620396047831
79,0,0.3625684976577759
8,0,1.415968894958496
1429,0,0.30360493808984756
1372,0,0.13322537764906883
1743,0,0.4428674429655075
5029,0,0.06338419765233994
2058,0,0.1261267550289631
3838,0,1.327556699514389
1089,0,0.008181816665455699
2728,0,0.22937986627221107
3504,0,0.1813470907509327
494,0,0.05008239112794399
1029,0,0.008277876768261194
2316,0,0.14093363285064697
4024,0,0.012565929908305407
442,0,0.35415027290582657
3510,0,0.007143312133848667
1261,0,0.19867169111967087
4555,0,0.10603373497724533
2188,0,0.828187420964241
2555,0,0.20324894785881042
4173,0,0.07492654770612717
4920,0,13.566638946533203
4049,0,1.6195467710494995
3239,0,0.10394263453781605
1708,0,0.007153717568144202
1685,0,0.03396566491574049
199,0,3.8825433254241943
1503,0,0.19530326128005981
2039,0,0.3867427110671997
3452,0,0.004819027497433126
3116,0,0.06819411367177963
106,0,1.1602661311626434
5060,0,0.6419134140014648
3453,0,34.0845422744751
685,0,0.5070468261837959
4081,0,0.007311580237001181
5132,0,1.0692275166511536
491,0,1.1822647452354431
3479,0,0.36826562136411667
1884,0,0.2778906673192978
4084,0,3.090841054916382
3781,0,0.21654825657606125
1515,0,0.036584001034498215
2348,0,0.14860859513282776
1566,0,0.13339846953749657
2774,0,0.4569631665945053
1994,0,0.06206890940666199
4410,0,35.642014503479004
1349,0,0.014169480185955763
1476,0,0.0669680368155241
3969,0,0.3805670589208603
793,0,0.8891367316246033
3204,0,0.11790131404995918
1170,0,0.6664830073714256
4766,0,0.027271119877696037
827,0,0.09653504937887192
847,0,0.5623229667544365
1452,0,0.37424907088279724
1173,0,0.0015853330842219293
714,0,0.0676239151507616
2347,0,0.15173565968871117
4425,0,0.07751152105629444
3025,0,0.0030713860178366303
1264,0,0.009877837495878339
2045,0,0.012381444219499826
3336,0,0.05534973554313183
2422,0,0.1729283295571804
3912,0,5.774440169334412
5161,0,0.0013259247061796486
3673,0,1.22298201918602
3612,0,0.003946388605982065
4903,0,0.516970619559288
4317,0,0.0008528803009539843
4518,0,0.0921928882598877
1011,0,0.0004376724682515487
2732,0,0.2801901698112488
679,0,0.4531743675470352
403,0,0.03606404364109039
2945,0,0.14006910286843777
1873,0,0.045513952150940895
4569,0,0.3472476080060005
3724,0,1.9018208384513855
4785,0,0.5708625018596649
4335,0,27.06313133239746
5057,0,0.07388556003570557
4118,0,2.493376284837723
4472,0,0.23037276417016983
4533,0,0.5516823977231979
4700,0,0.004270450095646083
4716,0,0.7290679216384888
680,0,1.5278933644294739
3492,0,0.3141567260026932
2869,0,0.26023252308368683
4418,0,0.058869799599051476
1207,0,0.018618358299136162
2272,0,0.20061727613210678
2156,0,0.2826782986521721
4434,0,0.01754641067236662
1004,0,0.7974709868431091
5063,0,0.4953756183385849
4296,0,3.393284797668457
2207,0,0.15260588005185127
2437,0,1.4686852097511292
3161,0,0.175306286662817
2993,0,0.0167981693521142
649,0,0.029165519401431084
506,0,0.2458726242184639
4661,0,0.06361198052763939
986,0,0.00207188178319484
1320,0,0.03932331036776304
4083,0,0.02265218971297145
4116,0,0.003440024214796722
419,0,0.3453477993607521
1906,0,0.3437570035457611
954,0,0.08114592544734478
1389,0,0.364920973777771
484,0,0.11593878641724586
1276,0,0.1621604561805725
5024,0,0.7510993778705597
4224,0,1.8737415075302124
4140,0,0.05608423613011837
1195,0,0.0971585065126419
3695,0,0.3562728613615036
2319,0,0.21128017455339432
1526,0,0.36358409374952316
217,0,0.11281481757760048
1319,0,14.07495403289795
3845,0,0.005670680897310376
1315,0,0.06714637577533722
541,0,0.011304519139230251
729,0,0.4010811299085617
4487,0,2.7240044474601746
3675,0,0.24647042155265808
4218,0,0.6732220202684402
1416,0,0.5777247026562691
2444,0,0.21030349284410477
1860,0,0.1365598775446415
874,0,0.08101311139762402
1617,0,0.06539533473551273
693,0,0.7530601322650909
2925,0,0.26900365948677063
966,0,0.002432836394291371
4241,0,0.33732783794403076
4799,0,0.541809931397438
4839,0,0.05791485495865345
4246,0,0.3010530173778534
2412,0,0.049101635813713074
3768,0,0.021590409334748983
3580,0,10.731273651123047
4978,0,0.5054388642311096
2983,0,0.20928742736577988
4665,0,0.2263471819460392
4539,0,0.020593177992850542
4960,0,4.660942912101746
1761,0,0.46880297362804413
3303,0,0.10112584009766579
1505,0,0.2972838878631592
3600,0,2.4902361631393433
2002,0,1.9217271506786346
1345,0,0.46764926612377167
4474,0,0.09729570150375366
2903,0,0.0380225395783782
5010,0,0.005969253368675709
1307,0,0.0878082700073719
1414,0,0.7577492594718933
4334,0,0.006198204355314374
58,0,0.5702066570520401
592,0,2.0110716819763184
4036,0,0.04830668494105339
951,0,0.04265978839248419
253,0,0.4950324296951294
1931,0,0.32260530441999435
5025,0,0.01695210300385952
4951,0,0.9440365433692932
4933,0,0.19739898294210434
3326,0,1.954016625881195
637,0,0.38994674384593964
2466,0,0.16457532718777657
798,0,0.05874764733016491
169,0,0.00672659813426435
3113,0,0.007354317465797067
946,0,0.44421355426311493
4907,0,0.05422884039580822
850,0,5.760332107543945
4406,0,0.16742943227291107
4153,0,0.12706152722239494
3041,0,0.03182257432490587
3500,0,0.2123953029513359
2369,0,0.09964924119412899
4304,0,0.0016636483487673104
2022,0,0.023828689008951187
1001,0,0.0010923348600044847
1438,0,0.28137756139039993
6,0,0.7425470352172852
2102,0,0.6147378534078598
2140,0,0.7512714564800262
3944,0,0.2654662951827049
4761,0,0.9472157657146454
4556,0,0.018678114283829927
2416,0,0.13554785773158073
940,0,4.87644624710083
3641,0,7.089795827865601
4575,0,0.06021306663751602
3717,0,0.06287214159965515
2736,0,0.2002926617860794
1970,0,0.3647599294781685
4365,0,0.00830872356891632
1716,0,0.2407008782029152
3726,0,0.22542668133974075
2625,0,0.0018112609977833927
2819,0,0.06011944077908993
1014,0,0.003092341125011444
1885,0,0.25234638154506683
1282,0,0.33462319895625114
3636,0,0.29091835767030716
4591,0,0.005443546338938177
2375,0,0.30860622972249985
2613,0,0.4252043813467026
1435,0,0.5963758006691933
542,0,0.02656075358390808
3061,0,0.008824231568723917
4937,0,1.1800889074802399
4815,0,0.03193971700966358
2621,0,0.4730253517627716
1975,0,0.021968032233417034
4411,0,5.159122467041016
97,0,0.1499684974551201
3314,0,0.539897158741951
2028,0,0.03602845687419176
5096,0,0.30769552290439606
2515,0,0.21581652760505676
2244,0,0.18199099972844124
2363,0,0.4837358295917511
4034,0,0.9561131149530411
2402,0,0.023541740141808987
3746,0,1.2280837893486023
3847,0,0.18259084224700928
4995,0,1.692309558391571
1591,0,1.140338659286499
1999,0,0.12916379794478416
1541,0,0.6027501672506332
3476,0,0.004590406897477806
3785,0,0.1864716075360775
1243,0,0.9956882745027542
2355,0,0.24065425246953964
1927,0,0.13375843316316605
1960,0,0.12846839055418968
1571,0,0.09879371523857117
16,0,0.3096182495355606
4916,0,20.491031169891357
1091,0,0.0027298920904286206
3154,0,0.10146577656269073
112,0,1.9813684523105621
3440,0,0.15455977991223335
1126,0,0.1521880365908146
5111,0,0.3084263876080513
2720,0,0.09345087222754955
3788,0,0.0512249618768692
3022,0,0.03820956777781248
4403,0,1.4287251234054565
1935,0,0.2847093343734741
836,0,0.8336627632379532
4629,0,0.006470543565228581
5030,0,0.055265139788389206
2877,0,0.19631176069378853
4582,0,3.558043956756592
3861,0,0.1710069738328457
1236,0,7.619225263595581
814,0,0.24665826559066772
746,0,0.16389291733503342
1587,0,0.2901180759072304
2589,0,0.05086317379027605
5146,0,0.000520370333106257
4285,0,0.011069676373153925
2279,0,0.10139000415802002
2469,0,0.07176882214844227
916,0,0.28199274837970734
382,0,0.379037082195282
3649,0,1.0434013903141022
641,0,0.06485351175069809
458,0,0.030416322872042656
4155,0,0.0033861369593068957
3743,0,0.001453663076972589
3437,0,0.013937351759523153
594,0,0.18380986154079437
2404,0,0.043359965085983276
3202,0,0.004895479883998632
3501,0,1.4114530831575394
4643,0,0.031059703789651394
5126,0,1.3053840398788452
2500,0,0.06841316260397434
3493,0,0.5134813785552979
2358,0,0.22438397258520126
3110,0,0.017444808036088943
3448,0,0.053499290719628334
1616,0,0.7737656235694885
1374,0,0.2049769163131714
350,0,0.86510369181633
2997,0,0.18449589237570763
3225,0,0.1984592266380787
1711,0,0.05875788442790508
1865,0,0.4141288250684738
640,0,0.43106769025325775
4749,0,0.04186099302023649
33,0,0.4753323197364807
1974,0,0.12164277210831642
4623,0,1.1258809268474579
3415,0,0.042151909321546555
2147,0,0.11307281255722046
4032,0,0.04866111744195223
2938,0,0.05675382725894451
2734,0,0.37849004566669464
4983,0,13.356727123260498
1990,0,0.41187500953674316
4802,0,0.4421575963497162
159,0,18.107580184936523
245,0,0.039626799523830414
3046,0,0.1769949160516262
3192,0,0.037744710221886635
4596,0,0.0101908128708601
3936,0,0.455612376332283
2693,0,0.18541624769568443
1938,0,0.15139107406139374
2048,0,0.119650449603796
26,0,28.92459011077881
1961,0,0.05462019704282284
1768,0,0.18701673671603203
1701,0,0.27035705745220184
1633,0,0.38919903337955475
4614,0,0.7002118527889252
50,0,0.03874496743083
4726,0,0.20692891627550125
4760,0,0.0014972803182899952
4075,0,2.543872058391571
2215,0,0.29243724793195724
4094,0,0.3165856674313545
2743,0,2.3562810122966766
1350,0,0.2916150167584419
1204,0,14.86829423904419
2335,0,0.19685190171003342
4890,0,0.2625966891646385
1161,0,0.008385383756831288
4817,0,218.62877655029297
4783,0,0.23442359268665314
1044,0,0.02540735900402069
1043,0,0.18496954813599586
2029,0,0.3071261756122112
20,0,0.4728210121393204
3220,0,0.24305614829063416
4398,0,0.0003574624133761972
1148,0,0.027350164018571377
3949,0,0.00037978263571858406
870,0,0.0006878266576677561
4517,0,0.019526048563420773
783,0,0.21733888238668442
600,0,0.2421862967312336
2786,0,0.06929731741547585
3560,0,0.0014440100931096822
673,0,0.25007376819849014
4974,0,0.10828074440360069
2219,0,0.2549735829234123
2723,0,0.3802230656147003
367,0,0.041616576723754406
1006,0,0.8652644455432892
1627,0,0.4208439588546753
2198,0,0.10489073395729065
4069,0,0.19724135845899582
3784,0,0.0012821381678804755
665,0,3.5775243043899536
1944,0,0.568190686404705
4298,0,2.2119303345680237
4077,0,0.5564078390598297
441,0,3.472929438430583e-05
2038,0,0.1575113944709301
4260,0,0.1461510881781578
76,0,0.6325638592243195
2201,0,0.28015270829200745
2629,0,0.39931073784828186
3173,0,0.3813374489545822
551,0,0.6681638807058334
1901,0,0.15103180333971977
2511,0,0.2022581845521927
4551,0,0.17356489598751068
4443,0,0.28285353630781174
1986,0,0.519077941775322
4467,0,0.00024911987566156313
4380,0,0.08582071401178837
3549,0,0.11594578251242638
3634,0,0.0023751971893943846
196,0,0.38113412261009216
3162,0,0.004935270524583757
3606,0,0.0036924679297953844
1205,0,7.189237833023071
2748,0,0.24738597124814987
3125,0,0.06739701144397259
4602,0,0.24396885931491852
1466,0,1.309549555182457
3766,0,0.0015258905477821827
183,0,0.16678091883659363
3906,0,4.429497599601746
1041,0,0.08178538084030151
4796,0,2.933656096458435
4779,0,0.14450492709875107
2483,0,0.18964936584234238
3686,0,1.4352023005485535
1724,0,0.018986997194588184
763,0,0.30138668417930603
884,0,0.06828122399747372
3214,0,1.2798201441764832
289,0,0.012776402290910482
101,0,0.3635292202234268
2899,0,0.2747187539935112
4714,0,0.4857408106327057
179,0,0.00049024865438696
1067,0,0.05330936796963215
1220,0,0.29222892969846725
942,0,0.00578908680472523
3369,0,0.5211156159639359
2606,0,0.035854521207511425
716,0,0.4856003522872925
2951,0,0.023372593335807323
886,0,0.4353996366262436
2572,0,0.43036624789237976
3051,0,0.20945391431450844
3187,0,0.015594912227243185
4115,0,0.6727243512868881
3938,0,1.5228332877159119
141,0,0.7917021811008453
1159,0,0.003148611285723746
3524,0,0.22674784809350967
1710,0,0.33889536559581757
3304,0,0.28530748933553696
629,0,0.3587609902024269
3143,0,0.02005551941692829
2836,0,0.4068266674876213
4073,0,0.00023347121168626472
2632,0,0.1852535828948021
4525,0,0.12765242904424667
110,0,0.8506582081317902
4685,0,0.06792327761650085
582,0,0.19998711347579956
2949,0,0.20870498567819595
736,0,0.048100780695676804
1854,0,0.08276011236011982
2978,0,0.003734606900252402
2600,0,0.0918837022036314
4389,0,0.00017760988703230396
3745,0,0.23194120824337006
4698,0,0.20450542867183685
4333,0,2.234920084476471
538,0,0.2720789909362793
2525,0,0.08059387654066086
2992,0,0.34275083988904953
3191,0,0.2655900567770004
5065,0,0.7815163433551788
1936,0,0.313364714384079
1514,0,0.5154169946908951
3478,0,0.0060398157220333815
4564,0,1.152692511677742
603,0,0.7591037601232529
3137,0,0.0753870215266943
2783,0,0.018271727487444878
3422,0,0.014195793773978949
2986,0,0.32301390543580055
2069,0,0.002852013101801276
740,0,0.017210412304848433
4615,0,0.970344066619873
4875,0,0.1420169323682785
934,0,0.16414796188473701
2071,0,0.0610964410007
1848,0,0.09447861090302467
1666,0,0.2303617224097252
1022,0,0.0025371662923134863
1086,0,0.03503893967717886
202,0,0.23829520493745804
1719,0,0.18468406051397324
4078,0,0.0006323736452031881
18,0,1.09903022646904
566,0,0.014477618504315615
3048,0,0.0769231952726841
974,0,0.060066668316721916
2328,0,0.14726213738322258
3007,0,0.08474011346697807
1448,0,0.2573196217417717
1218,0,0.00767174013890326
2252,0,0.2384323999285698
1066,0,0.19032233208417892
503,0,0.6387078166007996
4842,0,0.6776828616857529
2391,0,0.1778683103621006
2832,0,0.43344852328300476
2407,0,0.35016942769289017
1690,0,0.12791800126433372
4491,0,1.2853951156139374
868,0,0.019577463157474995
167,0,0.295596219599247
826,0,0.624553307890892
2242,0,0.22757288813591003
160,0,0.10574334114789963
394,0,0.444497674703598
999,0,0.0007637393719051033
1480,0,2.03167662024498
780,0,1.1541224420070648
3008,0,0.07208294793963432
4775,0,0.10778244584798813
1156,0,0.5895570069551468
1254,0,0.0025327334878966212
4107,0,0.1412312351167202
1717,0,0.24677449464797974
2746,0,0.002126496168784797
4823,0,0.06812313571572304
1133,0,0.09043296240270138
82,0,0.04204786056652665
2301,0,0.1704901121556759
829,0,0.0023103415151126683
2378,0,1.3459757566452026
4873,0,2.1341943740844727
39,0,0.11384907737374306
2077,0,0.26742855459451675
3327,0,0.4755212292075157
486,0,0.019983122125267982
4536,0,0.19818853586912155
4055,0,0.053930578753352165
3661,0,0.2906221076846123
4490,0,0.6323065459728241
2298,0,0.23529697582125664
2343,0,0.05245678313076496
1728,0,0.050689635798335075
4006,0,0.6045604646205902
3197,0,0.6020009368658066
3134,0,0.05765782669186592
4695,0,1.2670323550701141
3114,0,0.42246562242507935
3407,0,18.240145683288574
703,0,0.0732211321592331
3101,0,0.03801936563104391
1291,0,0.033498491160571575
926,0,0.00455683667678386
2017,0,0.1700701341032982
4291,0,3.857662081718445
2392,0,0.2545279338955879
4649,0,0.0751287192106247
3359,0,0.10155736282467842
3652,0,0.31576649844646454
4686,0,0.1000729613006115
765,0,0.19457347691059113
4672,0,0.20332550257444382
1297,0,0.23986465483903885
3171,0,0.18457667157053947
2084,0,0.1267663724720478
1610,0,0.26454105973243713
4093,0,0.31172633171081543
2213,0,0.015386996325105429
2578,0,0.221401646733284
163,0,0.3135453388094902
849,0,1.1144251227378845
3923,0,0.10329209268093109
4818,0,0.004118486191146076
67,0,0.31607335060834885
2642,0,0.0353317279368639
2415,0,0.11765309795737267
579,0,0.331936739385128
4437,0,0.005088490666821599
3577,0,0.05187673307955265
4939,0,0.34628375619649887
1439,0,0.1092943511903286
1558,0,0.028108625672757626
1245,0,0.02323382394388318
914,0,0.08979878760874271
3295,0,3.220361351966858
963,0,0.004943649284541607
3525,0,0.8188884258270264
104,0,0.013257745653390884
5084,0,3.406012773513794
3956,0,0.2598928213119507
4011,0,0.0007778255094308406
294,0,1.2978719472885132
3511,0,0.008990041678771377
3516,0,0.17715655267238617
4847,0,0.0011406569683458656
3004,0,0.19642411172389984
2346,0,0.009702235227450728
4813,0,0.03232091758400202
2420,0,0.34597523510456085
3883,0,0.46806134283542633
231,0,0.4439169019460678
5120,0,0.07293138653039932
464,0,0.08268910646438599
1340,0,0.021176505368202925
4825,0,0.05065935663878918
3569,0,0.10110850632190704
9,0,0.3339737355709076
288,0,0.4388958290219307
1346,0,0.44355008751153946
2701,0,0.24785108864307404
3684,0,0.2842675521969795
5147,0,0.026091699488461018
2917,0,0.09283633902668953
353,0,0.5531052052974701
2847,0,0.12264244258403778
368,0,1.0653728991746902
4458,0,0.009193534031510353
1469,0,0.437019981443882
4148,0,0.5885178744792938
3974,0,0.024802367202937603
2722,0,0.11366134509444237
24,0,0.3842252641916275
646,0,0.025893243961036205
2828,0,0.21532262116670609
4226,0,0.11914347857236862
4243,0,0.009359613060951233
2906,0,0.5066424757242203
517,0,0.3048821836709976
324,0,0.04847736284136772
3532,0,0.007911767112091184
3729,0,0.024882744066417217
2768,0,0.49456650763750076
1155,0,0.20069756358861923
4047,0,0.0021655935561284423
952,0,0.1258837915956974
3270,0,0.1148299053311348
120,0,0.3973260372877121
1328,0,0.0005194231343921274
1618,0,0.13966957107186317
654,0,0.0003574574366211891
2462,0,0.42383037507534027
3614,0,4.831601679325104
779,0,0.6925649642944336
4666,0,0.0025566028780303895
3828,0,0.2045004889369011
147,0,1.546257644891739
493,0,1.3376533091068268
4609,0,2.283215045928955
3019,0,0.2911636456847191
3106,0,0.25072015821933746
3711,0,3.525551676750183
2241,0,0.02675053384155035
4415,0,0.0001932562590809539
4498,0,34.03263759613037
3865,0,0.04882158525288105
789,0,0.010185242397710681
895,0,0.0001480502323829569
3416,0,0.7854942977428436
3253,0,0.09088283590972424
945,0,0.16286934167146683
1208,0,0.004318778752349317
132,0,0.08099720813333988
328,0,0.0251527838408947
1460,0,0.741733968257904
1136,0,0.09584693983197212
804,0,0.08230789750814438
2639,0,0.2723159193992615
4250,0,0.00010338943320675753
2193,0,0.2051076516509056
860,0,0.009086075238883495
3367,0,0.8904989659786224
2575,0,0.3850075900554657
1193,0,0.3573039025068283
1188,0,0.0271983677521348
591,0,0.6413868069648743
2223,0,0.2693350352346897
3943,0,0.2764439955353737
2801,0,0.000733863387722522
2109,0,0.24785774946212769
2442,0,0.10021784529089928
2295,0,0.4675765708088875
148,0,0.3542494475841522
2856,0,0.14677703753113747
347,0,0.02551547810435295
5128,0,0.26885830610990524
5078,0,0.15411828830838203
4583,0,0.373029887676239
4145,0,0.007224898785352707
229,0,0.15767063945531845
3856,0,0.005323505611158907
4668,0,0.34667766094207764
4120,0,0.0006912349053891376
109,0,0.21425112336874008
1972,0,1.8314103484153748
4103,0,0.7583547681570053
383,0,0.20326877385377884
2041,0,0.18722593411803246
404,0,0.0037285041762515903
2182,0,0.015118913725018501
831,0,0.07050324976444244
1434,0,0.39689938724040985
3561,0,0.002391953836195171
3792,0,0.004952463204972446
1773,0,0.6557895094156265
1163,0,0.3237522728741169
1730,0,0.016545115504413843
1314,0,0.014926706906408072
3588,0,0.16656482219696045
2026,0,0.11327803507447243
4580,0,0.41152262687683105
4906,0,0.24153006076812744
2529,0,0.4207823574542999
3716,0,12.13611888885498
5082,0,0.39814940094947815
889,0,0.3656386137008667
2414,0,0.3232186809182167
4257,0,0.08580141328275204
2773,0,0.7008320689201355
3700,0,0.013784073293209076
4114,0,0.7384023219347
960,0,0.266455315053463
3139,0,0.002511410799343139
3597,0,1.9018208384513855
4657,0,0.7891887128353119
2694,0,0.19227466732263565
3710,0,0.6646079868078232
2066,0,0.11924351379275322
706,0,0.010271925944834948
2451,0,0.36169295758008957
3714,0,0.1014999970793724
4892,0,0.02911833208054304
806,0,0.3694632947444916
2454,0,0.18552295491099358
799,0,0.2929568365216255
4883,0,0.3237617164850235
4752,0,1.4341106414794922
3351,0,1.971639096736908
4992,0,0.00325390649959445
1911,0,0.2769505977630615
362,0,0.021460925694555044
1235,0,0.8333412408828735
3627,0,0.0010564046096988022
1508,0,0.12935716286301613
4928,0,1.3001501560211182
4635,0,0.19428377598524094
2271,0,0.3321424685418606
3789,0,0.0002763845695881173
66,0,0.8238728642463684
955,0,0.07092340104281902
606,0,0.11144332587718964
3662,0,0.0017677914001978934
4652,0,0.29881299287080765
3029,0,0.25773047655820847
340,0,0.22852302342653275
3163,0,0.10183119401335716
825,0,0.10161051154136658
3043,0,0.1684914082288742
1632,0,0.06906281970441341
1418,0,0.44589851796627045
3650,0,0.18142016977071762
2698,0,0.018083098344504833
3907,0,0.5082696229219437
1181,0,0.00033751813316484913
4383,0,4.0458701848983765
539,0,0.0073910176288336515
4221,0,0.004576922510750592
3179,0,0.9286926090717316
2300,0,0.25510483235120773
3434,0,0.2087557464838028
1109,0,0.0704601164907217
3160,0,0.21604596823453903
1812,0,0.059985626488924026
2243,0,0.3312218561768532
1321,0,0.16630474850535393
1971,0,1.1571962535381317
496,0,0.21512746810913086
525,0,3.1898303031921387
2005,0,0.27327143400907516
4409,0,0.6370735615491867
3487,0,0.16056771576404572
3249,0,0.007944179931655526
4820,0,0.0001342977884633001
2771,0,0.5378839746117592
4840,0,0.07056880742311478
1782,0,0.3578407019376755
4584,0,0.06450728885829449
4030,0,0.7061161994934082
425,0,0.03347461111843586
291,0,0.5564814507961273
4471,0,0.0030717146582901478
2926,0,0.17010781913995743
2749,0,0.20963280647993088
3687,0,1.7735708355903625
2827,0,0.5689324364066124
3050,0,0.1360653005540371
3534,0,0.000882213469594717
3573,0,0.015379523858428001
1227,0,0.09433562681078911
3181,0,0.0065082048531621695
851,0,1.1812088340520859
531,0,0.27487434446811676
726,0,0.6261726468801498
4630,0,0.10443508252501488
1781,0,0.059481047093868256
4579,0,0.010749185923486948
1850,0,0.38712121546268463
488,0,0.0694016832858324
2455,0,0.6638550460338593
664,0,0.2669702097773552
4710,0,0.08284485340118408
1020,0,0.1683388575911522
4088,0,1.760973036289215
2172,0,0.3892390877008438
3005,0,0.10591239854693413
2108,0,1.240305244922638
1260,0,0.014416894409805536
204,0,3.067601392103825e-05
5169,0,1.0997973680496216
3366,0,0.5159778445959091
627,0,0.8958019316196442
4430,0,0.06122490204870701
359,0,0.08155488409101963
5046,0,0.9544341266155243
4413,0,0.006339141167700291
3952,0,0.5795968472957611
1394,0,0.4288632720708847
2018,0,0.31144360452890396
2514,0,0.5375369489192963
3801,0,0.16021349653601646
314,0,0.3382914885878563
2852,0,0.6509074717760086
4270,0,0.3188564255833626
3442,0,0.05157738737761974
1037,0,0.04880791716277599
4167,0,0.006174839800223708
1638,0,0.046099746599793434
5059,0,0.3616396263241768
2493,0,0.17707611247897148
3157,0,5.856909956492018e-05
127,0,0.9654655158519745
2481,0,0.2875143438577652
2921,0,0.17206935212016106
3613,0,1.4575658440589905
2321,0,0.24752815067768097
1677,0,0.24847302585840225
4507,0,1.4965912699699402
670,0,0.4429255574941635
4620,0,0.06561872363090515
4581,0,0.1450641229748726
3312,0,0.13241778686642647
2641,0,0.47119997441768646
1779,0,0.17236827313899994
1358,0,0.1772114261984825
1891,0,0.24062128365039825
2165,0,0.3272731751203537
4124,0,0.15510522946715355
2957,0,0.26679908484220505
1257,0,0.4843876361846924
3803,0,0.015250835102051497
3643,0,0.0012259653594810516
766,0,1.5387771427631378
2373,0,0.22477231174707413
1473,0,0.4960954114794731
2714,0,0.11366165801882744
3209,0,0.09921866655349731
581,0,0.0016963049420155585
1177,0,0.00011880135207320563
3058,0,0.04966246336698532
435,0,0.0883816983550787
4110,0,2.140846610069275
2766,0,0.48977626115083694
632,0,0.0225207656621933
4784,0,0.10545367375016212
3353,0,0.05186170153319836
3317,0,0.4805397391319275
1428,0,0.10757863149046898
4344,0,0.0802711732685566
3033,0,0.07958152145147324
4896,0,0.2614531069993973
2370,0,0.17352785915136337
1583,0,0.24686193466186523
722,0,0.15310869365930557
2854,0,0.18449589237570763
2822,0,0.15375710651278496
2136,0,4.821002840995789
2761,0,0.3800888657569885
1132,0,0.1465919315814972
5014,0,0.19272925704717636
1459,0,0.6376432031393051
1585,0,0.53128682076931
3059,0,0.5301885008811951
1239,0,0.23574433475732803
676,0,0.2371193692088127
2034,0,0.01887898938730359
2550,0,0.09093569777905941
1175,0,0.30746103823184967
1180,0,0.00038003784720785916
991,0,0.053678467869758606
265,0,1.3311150819063187
2541,0,0.10763270035386086
4023,0,0.046514312736690044
2744,0,1.7382128834724426
4919,0,21.58390235900879
336,0,0.1678737159818411
968,0,0.08262038044631481
17,0,0.9492587000131607
3169,0,0.20166289061307907
2365,0,0.29537051171064377
745,0,0.14010696485638618
3758,0,0.005053754313848913
1219,0,0.4772719591856003
891,0,0.01009087823331356
416,0,0.00870244181714952
1222,0,0.04970172420144081
3761,0,0.0034314547665417194
988,0,0.041071428917348385
2894,0,0.48033879697322845
3190,0,0.2202204316854477
4530,0,0.4092996418476105
3460,0,0.5665105059742928
1023,0,0.2164204940199852
476,0,0.4380977600812912
3733,0,0.19990845769643784
2649,0,0.13139883801341057
1249,0,0.08171365410089493
938,0,2.113007962703705
3602,0,0.011238800827413797
1669,0,0.5921689420938492
3841,0,0.017699826043099165
1765,0,3.1981884241104126
4105,0,0.20435944944620132
4743,0,1.0974824130535126
134,0,0.5031688213348389
2530,0,0.016819638200104237
2471,0,0.16173527017235756
4399,0,0.9438610970973969
4999,0,0.9449770152568817
1172,0,0.15136200562119484
2160,0,0.5638015419244766
3401,0,0.3436116501688957
311,0,0.48718486726284027
4100,0,0.0007787469075992703
4089,0,0.006316538667306304
4301,0,1.7693980634212494
1855,0,0.2833843529224396
3955,0,0.11144186183810234
2341,0,0.02644424792379141
3325,0,0.041040717624127865
1942,0,0.46267345547676086
2593,0,0.12519438564777374
270,0,2.3915128111839294
2153,0,0.023846047930419445
2682,0,0.22233621776103973
1798,0,0.44356951117515564
3728,0,0.09976452961564064
74,0,0.26800212264060974
880,0,0.11532719805836678
3545,0,1.376510113477707
1983,0,0.018270764965564013
1506,0,8.959556579589844
3109,0,0.08214879781007767
427,0,0.6718183606863022
2890,0,0.01619083760306239
2517,0,0.18824683874845505
3925,0,1.3558605909347534
3528,0,0.0005247737572062761
2206,0,0.17688986286520958
2811,0,0.7741082310676575
3251,0,0.008888428565114737
3793,0,0.22142073512077332
5007,0,0.16909468173980713
1018,0,0.00019866756338160485
725,0,0.3481050506234169
4771,0,23.381408214569092
2266,0,0.35109761357307434
239,0,0.018806520849466324
2549,0,0.2511862814426422
2067,0,0.027237799018621445
1216,0,0.06940579600632191
5019,0,0.09627574682235718
4644,0,0.0974714420735836
4910,0,0.05636642687022686
1034,0,0.058448491618037224
3342,0,0.03731273766607046
2261,0,0.2142181098461151
177,0,1.22567018866539
2357,0,0.24565860629081726
1996,0,0.0036620430182665586
3063,0,0.04116767272353172
2308,0,0.09686610102653503
3433,0,45.82881832122803
3818,0,1.1229723393917084
2186,0,0.13484283909201622
2260,0,0.44487038254737854
292,0,1.0093025593960192e-05
3226,0,0.20818059146404266
2447,0,0.19134479016065598
3340,0,0.1682731769979
3374,0,0.7949405014514923
842,0,0.11492547020316124
2719,0,0.204567052423954
3950,0,0.7006037682294846
4222,0,0.033439348451793194
1385,0,0.8789108991622925
1183,0,0.0507087092846632
782,0,0.41107794642448425
1274,0,0.4893708676099777
28,0,0.3627682998776436
642,0,0.2863191291689873
1354,0,0.12816395983099937
1925,0,0.09925172477960587
2202,0,0.2505718544125557
2981,0,0.04718330316245556
1636,0,0.19519992917776108
1226,0,0.973762035369873
3302,0,0.02036433108150959
133,0,0.05156012065708637
4438,0,0.04489779565483332
4586,0,0.05982664413750172
42,0,0.5701724141836166
3175,0,0.04308357462286949
5074,0,0.058992812409996986
3080,0,0.2095310389995575
2238,0,0.18231498822569847
1432,0,0.07731779851019382
1106,0,0.03267127834260464
157,0,0.018488602247089148
2953,0,0.0242286566644907
4338,0,0.0011482465197332203
4633,0,0.4180430993437767
4305,0,2.1717774868011475
144,0,0.02044172678142786
2137,0,0.0329840574413538
3618,0,0.03458184935152531
1675,0,0.006794268032535911
1937,0,0.27279411256313324
1542,0,0.008837429573759437
1477,0,0.8182244002819061
3601,0,0.006706106476485729
2449,0,0.18141238018870354
900,0,0.014392489101737738
4405,0,2.227456748485565
4329,0,0.5105161741375923
2727,0,0.2998669669032097
1562,0,0.1907435618340969
2785,0,0.5866390317678452
4276,0,1.0085053890943527
3506,0,0.04662368819117546
5000,0,0.13464155048131943
4441,0,0.0007888484105933458
3894,0,0.03556429222226143
824,0,0.014860135037451982
638,0,0.3877200186252594
883,0,0.08749735169112682
3356,0,0.0005030324100516737
3358,0,0.35391077399253845
4185,0,2.493376314640045
4557,0,0.04570311214774847
4281,0,0.005054724519141018
1047,0,0.00014304349679150619
4353,0,1.3427259027957916
2963,0,0.33054378628730774
4899,0,0.08580702356994152
5022,0,0.5181574076414108
3625,0,0.045004650950431824
1738,0,0.1334076002240181
34,0,1.2279131561517715
2562,0,0.17625971138477325
1135,0,0.026045604608953
2400,0,0.22790998220443726
1083,0,0.19838228076696396
3998,0,0.028477965854108334
3749,0,7.944211721420288
4851,0,0.42352406680583954
3027,0,0.2115597203373909
2042,0,0.0678706169128418
3603,0,1.2001905888319016
3880,0,0.005867585772648454
1504,0,0.34714266657829285
410,0,0.25880637019872665
910,0,0.018980390392243862
4523,0,6.38271689414978
536,0,0.5983459800481796
1593,0,0.055328087881207466
342,0,0.0033735749311745167
1684,0,0.16292494162917137
1072,0,0.09386088699102402
4031,0,0.006129502784460783
2843,0,0.5065672472119331
295,0,0.10669049620628357
2267,0,43.91031360626221
4858,0,0.024042894132435322
4133,0,6.63728928565979
3680,0,0.22789283841848373
3671,0,1.1497506946325302
1816,0,0.03512950614094734
2697,0,0.00021066582121420652
1059,0,0.024338445626199245
928,0,0.006791254039853811
317,0,1.328858032822609
490,0,0.4750024527311325
338,0,0.00020239432342350483
3074,0,0.501399502158165
4969,0,0.30025749653577805
547,0,0.7282769680023193
354,0,0.02303276164457202
4934,0,0.99969881772995
768,0,1.322694554924965
2542,0,0.05568641982972622
4850,0,0.38438473641872406
4656,0,0.22446439415216446
3851,0,0.026140663772821426
2050,0,0.27857988327741623
4292,0,1.2540733516216278
2100,0,0.024757269769906998
2611,0,0.08276312984526157
3417,0,0.23364628851413727
2510,0,0.35846279561519623
3413,0,0.20805691927671432
4247,0,0.0011077272647526115
4592,0,0.4296940639615059
898,0,0.7325290739536285
980,0,0.22053730487823486
3797,0,0.007794251432642341
1280,0,0.07297031208872795
903,0,0.018450176808983088
1645,0,0.10489404201507568
3198,0,0.09634827822446823
2627,0,0.7906456589698792
867,0,0.4627462476491928
964,0,1.3102981746196747
3390,0,0.009752571349963546
2889,0,0.22519610077142715
1201,0,0.041038778610527515
892,0,0.000343983483617194
2878,0,0.09016280248761177
2276,0,0.21137134730815887
409,0,0.11260811984539032
3028,0,0.15402353182435036
1065,0,0.02982339821755886
674,0,0.7592066824436188
2323,0,0.25087977200746536
2436,0,0.6309806853532791
3015,0,0.06155269593000412
4447,0,0.003262175596319139
2594,0,0.007061460753902793
3107,0,1.8526334166526794
2394,0,0.30726245418190956
3431,0,0.02231592731550336
1805,0,0.030020889826118946
1289,0,0.11099844798445702
2914,0,0.15798771008849144
3111,0,0.18046609684824944
1333,0,0.1457337811589241
1998,0,0.2767140492796898
741,0,1.056666299700737
3370,0,0.02048047911375761
3678,0,4.0357807874679565
2874,0,0.04579926934093237
3913,0,1.0566398799419403
835,0,0.0018634697771631181
3002,0,3.0893218517303467
4258,0,0.06104768067598343
3200,0,0.06983655877411366
811,0,1.7475907802581787
3223,0,0.2581254914402962
332,0,0.03783946484327316
3993,0,0.16402921825647354
1433,0,4.167481064796448
3299,0,1.423466980457306
402,0,6.682431936264038
2090,0,0.22341806814074516
4068,0,0.508730486035347
3073,0,0.17422540858387947
2842,0,0.049340274184942245
878,0,0.00022440504835685715
4060,0,0.7481279522180557
3352,0,2.1960498690605164
4675,0,0.0727977566421032
2626,0,0.07430468313395977
1323,0,0.06558660417795181
4940,0,0.30427973717451096
5123,0,0.0012468630156945437
1512,0,0.04692781716585159
3264,0,0.2581859529018402
614,0,0.08769736625254154
1015,0,0.0012848796613980085
3566,0,0.00041695799154695123
625,0,0.009405368473380804
393,0,1.9192262291908264
3439,0,0.01979369530454278
593,0,1.1639775931835175
3385,0,0.1441030651330948
1688,0,0.25724809616804123
3464,0,0.14229057356715202
1771,0,0.1959545910358429
1934,0,0.294519804418087
1046,0,0.5557176619768143
2580,0,0.12559882923960686
2485,0,0.2466576173901558
4877,0,1.331795185804367
4848,0,22.52735137939453
1804,0,0.5738609433174133
1622,0,0.03028479963541031
1479,0,0.1820916160941124
1790,0,0.3364337235689163
1425,0,0.19482453167438507
4086,0,1.0086320042610168
3231,0,0.6624066531658173
3150,0,0.33625470846891403
3451,0,1.1556319892406464
2087,0,0.05599181726574898
2888,0,0.3191867172718048
4053,0,0.0007429097313433886
432,0,0.38713398575782776
7,0,0.4544714689254761
713,0,0.009596589719876647
2713,0,0.022431179881095886
502,0,0.48252028226852417
2314,0,0.3440779373049736
1606,0,0.07156257145106792
258,0,0.03729363530874252
3848,0,0.032312904484570026
4354,0,0.006092732073739171
4836,0,0.5908227413892746
1190,0,0.20926222577691078
4207,0,3.8464346289401874e-05
1763,0,0.34668926149606705
259,0,0.9718039035797119
1294,0,0.013066234532743692
137,0,1.3260346949100494
2812,0,0.17069844156503677
544,0,0.6668680608272552
252,0,0.19115258753299713
2546,0,0.2605757564306259
3300,0,0.005896951071918011
65,0,0.5564616918563843
3968,0,0.046625361777842045
4900,0,0.12141377851366997
2599,0,0.009907745523378253
10,0,2.090819299221039
922,0,0.09947771206498146
2460,0,0.0034757702378556132
3721,0,0.004362507839687169
3009,0,0.04291919991374016
4600,0,40.97183704376221
2506,0,0.16451431810855865
4642,0,0.04444505274295807
2521,0,0.21278616786003113
3450,0,66.05850219726562
3875,0,0.00578145612962544
2189,0,0.30459733307361603
3934,0,0.5622417405247688
4747,0,0.2315024882555008
5100,0,0.22045893967151642
2209,0,0.08026500977575779
1664,0,0.02395744062960148
697,0,0.05274602025747299
2089,0,0.13586175441741943
5142,0,0.0017857712809927762
2315,0,0.024344125762581825
2685,0,0.33413321524858475
2516,0,0.10296478495001793
3465,0,0.0012230948195792735
4461,0,0.04454122111201286
565,0,0.17428791895508766
2381,0,0.17926853522658348
5116,0,0.35486480966210365
1770,0,0.020088682416826487
4811,0,0.2689686194062233
1612,0,0.09006889723241329
243,0,1.120387226343155
3082,0,0.037704868242144585
2824,0,0.8924690783023834
4063,0,0.00012595853695529513
4558,0,1.7692403197288513
1714,0,0.2838885113596916
1605,0,0.008888500509783626
1179,0,0.00014192464368534274
3881,0,0.05198530666530132
2872,0,0.02380154561251402
520,0,0.39763666689395905
754,0,1.9740278720855713
2016,0,0.15046752244234085
2142,0,0.1701643131673336
2479,0,0.20648927986621857
752,0,0.007796715013682842
114,0,5.927297115325928
117,0,5.965044975280762
2848,0,0.03887839335948229
1223,0,0.09293806739151478
1269,0,0.0014607847260776907
1355,0,0.12902665883302689
4117,0,0.000473925334517844
4019,0,0.00015813997015357018
3902,0,2.401158034801483
2258,0,0.24504071474075317
3177,0,0.21348803490400314
602,0,0.2088320329785347
2885,0,0.2920271158218384
1918,0,0.04191854037344456
3890,0,0.3892042636871338
1277,0,0.029753470793366432
54,0,0.3037007302045822
3867,0,13.15171766281128
1229,0,0.04410901106894016
529,0,0.5022704601287842
2366,0,0.06656167097389698
4740,0,0.36380063369870186
2892,0,0.5379310995340347
296,0,0.032353492453694344
585,0,0.4183138310909271
2596,0,0.009597535477951169
5075,0,0.09692619368433952
60,0,0.37441425025463104
1248,0,0.00561121164355427
2200,0,0.03245463129132986
2829,0,0.42040322721004486
4502,0,0.8225582242012024
1112,0,0.037115201354026794
1281,0,1.364401638507843
1228,0,0.02022398728877306
2568,0,1.002560555934906
4436,0,0.09965556487441063
1423,0,0.04217472206801176
4508,0,0.04157679341733456
3541,0,0.7215086817741394
1695,0,0.18460744991898537
3800,0,0.2660629078745842
2837,0,0.07001833990216255
3362,0,0.27649708092212677
2015,0,0.19813215360045433
2893,0,0.298456147313118
4636,0,1.4893949925899506
748,0,0.3130645863711834
4,0,0.9210412204265594
1380,0,0.07205948419868946
2628,0,0.028762738220393658
1237,0,0.10038233175873756
5037,0,0.23739250749349594
3159,0,0.2051757574081421
2203,0,0.1428411416709423
1977,0,0.4703545421361923
1567,0,0.016060113441199064
161,0,0.013383402954787016
1760,0,0.24858011305332184
3462,0,0.08762368373572826
809,0,0.060089053586125374
3742,0,0.10361886397004128
2711,0,0.388914093375206
1111,0,0.0052888443460687995
4072,0,0.005875129485502839
2569,0,0.022809259593486786
3038,0,0.015984702855348587
1546,0,0.06460138969123363
1676,0,0.17579184472560883
3703,0,0.09660332277417183
4593,0,0.014506541658192873
1700,0,0.49105167388916016
1420,0,0.9977771937847137
1739,0,0.6328104436397552
4599,0,0.0892619714140892
251,0,0.13330834731459618
1663,0,0.07534516509622335
747,0,0.2296954169869423
2823,0,0.21851594746112823
3078,0,0.23377236351370811
1966,0,0.050740258768200874
2756,0,0.2575051411986351
834,0,0.002251774014439434
2942,0,0.30618178099393845
4880,0,0.012355524580925703
2968,0,0.21704913675785065
1165,0,0.0037605251418426633
2036,0,0.03439568728208542
5121,0,0.0011686752259265631
4404,0,0.16083278506994247
4466,0,0.38594072312116623
1947,0,0.16453639045357704
2133,0,0.4267239421606064
524,0,0.782335951924324
2489,0,0.019131765235215425
4965,0,0.8140780627727509
4607,0,21.509478092193604
2052,0,0.20980095863342285
4312,0,1.0675416737794876
2320,0,0.7456024289131165
3117,0,0.18430855125188828
648,0,0.09991372749209404
35,1,32.55501365661621
41,1,1.1121208369731903
81,1,235.67113494873047
128,1,4.0011913776397705
189,1,2.3268785178661346
190,1,13.451220989227295
210,1,13.465031862258911
216,1,3.9962475299835205
224,1,268.5801086425781
247,1,30.74333095550537
271,1,54.69806098937988
272,1,171.57702255249023
274,1,262.1198043823242
275,1,64.44847297668457
276,1,159.98022079467773
277,1,8.34303903579712
278,1,10.536181688308716
286,1,480.3705596923828
287,1,738.1287689208984
302,1,4.884396314620972
303,1,720.3078002929688
304,1,90.56868553161621
307,1,68.60561943054199
319,1,10.083353519439697
326,1,8.618374586105347
356,1,23.49230718612671
357,1,22.40595245361328
374,1,5.649993896484375
378,1,6.214696884155273
380,1,2.769831597805023
396,1,801.4801940917969
418,1,46.15132141113281
433,1,5.83201539516449
445,1,105.83426284790039
446,1,569.5913543701172
452,1,6.471067428588867
559,1,10.095465660095215
561,1,34.266234397888184
604,1,198.43592834472656
645,1,204.4215545654297
666,1,16.227238655090332
667,1,176.65262603759766
669,1,3.626448154449463
678,1,10.094971418380737
691,1,4.244290590286255
696,1,87.44368743896484
730,1,16.0389404296875
755,1,12.35398006439209
756,1,969.49365234375
781,1,14.94371509552002
787,1,95.87281608581543
822,1,22.98175048828125
823,1,3.121001660823822
843,1,210.96141815185547
846,1,70.95479393005371
852,1,25.25735092163086
879,1,55.25616645812988
921,1,106.69207763671875
967,1,55.177499771118164
1019,1,46.97779941558838
1028,1,9.307281732559204
1053,1,574.9171142578125
1054,1,14.529881000518799
1102,1,58.40569496154785
1108,1,63.88451385498047
1118,1,3.3528249263763428
1145,1,128.42626190185547
1189,1,54.866804122924805
1215,1,297.91454315185547
1259,1,558.6986389160156
1263,1,250.2499008178711
1267,1,42.18399238586426
1370,1,939.7416687011719
1404,1,51.03488731384277
1405,1,3.93571937084198
1415,1,35.50425910949707
1457,1,1.6554428339004517
2166,1,2.1478782892227173
2211,1,33.57701110839844
2212,1,65.11643600463867
2214,1,66.46747398376465
2225,1,38.56498146057129
2250,1,28.954126834869385
2255,1,44.11255931854248
2309,1,65.32059860229492
2310,1,71.4682388305664
2311,1,73.74236869812012
2344,1,6.716955900192261
2345,1,23.889480113983154
2707,1,109.03080368041992
2708,1,103.42728424072266
2788,1,98.22128677368164
2792,1,118.10004043579102
3262,1,164.8733139038086
3276,1,192.0941619873047
3286,1,99.81437301635742
3290,1,55.42317008972168
3305,1,45.58165454864502
3310,1,53.30576705932617
3322,1,84.31410026550293
3349,1,53.48927879333496
3378,1,62.12047576904297
3393,1,49.886661529541016
3408,1,163.09659576416016
3409,1,8.917653322219849
3426,1,85.86544990539551
3454,1,76.33574295043945
3455,1,82.5212230682373
3457,1,14.612075328826904
3473,1,91.69508743286133
3484,1,30.57968044281006
3494,1,124.83697128295898
3496,1,81.16128730773926
3513,1,43.60898780822754
3530,1,47.22418785095215
3540,1,60.222381591796875
3543,1,202.5929718017578
3562,1,11.531729221343994
3563,1,65.21162796020508
3564,1,98.51720809936523
3590,1,10.69712233543396
3591,1,103.8644027709961
3592,1,45.634400367736816
3609,1,90.84207344055176
3610,1,21.70765972137451
3611,1,88.54478073120117
3635,1,65.23614692687988
3638,1,32.272247314453125
3668,1,64.26328468322754
3682,1,106.5615463256836
3685,1,153.03392028808594
3706,1,37.40645694732666
3725,1,55.16989517211914
3751,1,47.007516860961914
3774,1,53.49561882019043
3778,1,63.80918884277344
3814,1,71.19296836853027
3837,1,48.64410209655762
3858,1,81.09641647338867
3878,1,40.50227165222168
3908,1,31.81985092163086
3910,1,88.69503593444824
3911,1,9.708116054534912
3914,1,68.92358207702637
3915,1,138.88816452026367
3916,1,21.167826175689697
3917,1,127.53825759887695
3918,1,57.67631721496582
3922,1,52.880332946777344
3926,1,108.22516250610352
3927,1,182.4411392211914
3931,1,221.51419830322266
3940,1,122.22477722167969
3941,1,120.74850082397461
3954,1,127.53825759887695
3965,1,164.18979263305664
3967,1,48.15282440185547
3971,1,71.57895469665527
3979,1,30.722259521484375
3980,1,47.80528163909912
3988,1,15.586253643035889
3999,1,83.68017768859863
4001,1,51.723981857299805
4002,1,22.82379913330078
4003,1,105.38362884521484
4005,1,84.49857330322266
4041,1,244.98193359375
4043,1,47.56086730957031
4044,1,61.38486671447754
4082,1,639.3768768310547
4085,1,8.900564432144165
4087,1,0.5678428709506989
4122,1,44.312968254089355
4123,1,245.72962188720703
4125,1,41.3232536315918
4130,1,2.5458984375
4160,1,15.586253643035889
4170,1,20.213368892669678
4171,1,44.51305675506592
4172,1,323.0361557006836
4175,1,110.31535720825195
4217,1,34.963422775268555
4219,1,65.79180908203125
4261,1,798.0165710449219
4289,1,603.4351501464844
4295,1,1.2195478081703186
4318,1,91.26295280456543
4320,1,101.90713119506836
4321,1,38.025755882263184
4350,1,238.97731018066406
4352,1,77.95482444763184
4382,1,846.7834167480469
4408,1,386.2272033691406
4501,1,33.09898567199707
4588,1,442.30023193359375
4610,1,26.91862964630127
4613,1,224.4778060913086
4631,1,271.5762176513672
4674,1,315.6345520019531
4712,1,48.15282440185547
4718,1,343.0294647216797
4719,1,269.1269302368164
4720,1,40.5531120300293
4721,1,19.039472579956055
4722,1,75.11306762695312
4723,1,133.34734725952148
4724,1,20.76867914199829
4729,1,104.47665023803711
4732,1,524.9118347167969
4762,1,14.801114559173584
4773,1,21.310668468475342
4781,1,37.56880187988281
4794,1,15.610171794891357
4816,1,9.694539070129395
4864,1,258.9859085083008
4913,1,71.23236465454102
4914,1,10.289486646652222
4915,1,386.5902557373047
4926,1,77.13563346862793
4927,1,94.53127098083496
4932,1,155.8359031677246
4942,1,65.58312034606934
4943,1,7.893874883651733
4944,1,4.2057865262031555
4945,1,37.61693859100342
4950,1,136.66741561889648
4956,1,100.84047317504883
4957,1,21.570160388946533
4963,1,137.7473373413086
4971,1,97.05337142944336
4972,1,29.598323822021484
4979,1,78.74002075195312
4980,1,81.15402603149414
4982,1,31.074477195739746
4984,1,45.810301780700684
5001,1,503.87603759765625
5002,1,13.861970901489258
5003,1,505.5509033203125
5027,1,23.388984203338623
5035,1,32.42838764190674
5069,1,31.994733810424805
5070,1,14.792163848876953
5077,1,46.94865417480469
5083,1,87.64043426513672
5086,1,39.5756950378418
5092,1,70.25398063659668
5102,1,51.53590393066406
5114,1,108.70190048217773
5119,1,5.500826597213745
5125,1,100.09811782836914
5129,1,97.40725708007812
5136,1,38.18235397338867
5141,1,16.71679401397705
5150,1,20.752558708190918
5158,1,87.86106491088867
5166,1,22.784225463867188
5167,1,48.682119369506836
5168,1,20.8348445892334
